name,cve_id,cwe_id,publish_date,license,csvv3,vector
apache-airflow,CVE-2020-11978,CWE-78,2020-07-17T00:15Z,Apache-2.0,8.8,CVSS:3.1/AV:N/AC:L/PR:L/UI:N/S:U/C:H/I:H/A:H
zope2,CVE-2011-0720,CWE-265,2011-07-19T20:55Z,ZPL-2.1,,AV:N/AC:L/Au:N/C:P/I:P/A:P
octavia,CVE-2019-17134,CWE-287,2019-10-08T18:15Z,Apache-2.0,9.1,CVSS:3.1/AV:N/AC:L/PR:N/UI:N/S:U/C:H/I:H/A:N
tensorflow,CVE-2020-15196,CWE-119,2020-09-25T19:15Z,Apache-2.0,9.9,CVSS:3.1/AV:N/AC:L/PR:L/UI:N/S:C/C:H/I:H/A:H
django,CVE-2020-24584,CWE-276,2020-09-01T13:15Z,BSD-3-Clause,7.5,CVSS:3.1/AV:N/AC:L/PR:N/UI:N/S:U/C:H/I:N/A:N
invenio-communities,CVE-2019-1020005,CWE-79,2019-07-29T15:15Z,MIT,5.4,CVSS:3.0/AV:N/AC:L/PR:L/UI:R/S:C/C:L/I:L/A:N
pillow,CVE-2020-10378,CWE-125,2020-06-25T19:15Z,HPND,5.5,CVSS:3.1/AV:L/AC:L/PR:N/UI:R/S:U/C:H/I:N/A:N
mayan-edms,CVE-2018-16407,CWE-79,2018-09-03T19:29Z,Apache-2.0,6.1,CVSS:3.0/AV:N/AC:L/PR:N/UI:R/S:C/C:L/I:L/A:N
tensorflow,CVE-2020-15207,CWE-119,2020-09-25T19:15Z,Apache-2.0,9.0,CVSS:3.1/AV:N/AC:H/PR:N/UI:N/S:C/C:H/I:H/A:H
pyconau-funtimes,,CAPEC-630,2018-10-12T00:00Z,Not Applicable,,
werkzeug,CVE-2019-14806,CWE-331,2019-08-09T15:15Z,BSD-3-Clause,7.5,CVSS:3.0/AV:N/AC:L/PR:N/UI:N/S:U/C:H/I:N/A:N
numpy,CVE-2019-6446,CWE-502,2019-01-16T05:29Z,BSD-3-Clause,9.8,CVSS:3.0/AV:N/AC:L/PR:N/UI:N/S:U/C:H/I:H/A:H
tensorflow,CVE-2020-15211,CWE-125,2020-09-25T19:15Z,Apache-2.0,4.8,CVSS:3.1/AV:N/AC:H/PR:N/UI:N/S:U/C:L/I:L/A:N
django,CVE-2011-4140,CWE-352,2011-10-19T10:55Z,BSD-3-Clause,,AV:N/AC:M/Au:N/C:P/I:P/A:P
aiohttp,CVE-2018-1000519,CWE-384,2018-06-26T16:29Z,Apache-2.0,6.5,CVSS:3.0/AV:N/AC:L/PR:N/UI:R/S:U/C:N/I:H/A:N
dogtag-pki,CVE-2020-15720,CWE-295,2020-07-14T14:15Z,GPL-2.0-only,6.8,CVSS:3.1/AV:N/AC:H/PR:N/UI:R/S:U/C:H/I:H/A:N
python3-dateutil,,CAPEC-630,2019-12-01T00:00Z,Not Applicable,,
ansible,CVE-2020-1733,CWE-668,2020-03-11T19:15Z,GPL-3.0-or-later,5.0,CVSS:3.1/AV:L/AC:H/PR:L/UI:R/S:C/C:L/I:L/A:L
apache-airflow,CVE-2020-11981,CWE-78,2020-07-17T00:15Z,Apache-2.0,9.8,CVSS:3.1/AV:N/AC:L/PR:N/UI:N/S:U/C:H/I:H/A:H
django,CVE-2019-14234,CWE-89,2019-08-09T13:15Z,BSD-3-Clause,9.8,CVSS:3.0/AV:N/AC:L/PR:N/UI:N/S:U/C:H/I:H/A:H
google-appengine,CVE-2011-4212,CWE-264,2011-10-30T19:55Z,Apache-2.0,,AV:L/AC:L/Au:N/C:C/I:C/A:C
keyring,CVE-2012-4571,CWE-310,2012-11-30T22:55Z,MIT,,AV:L/AC:L/Au:N/C:P/I:N/A:N
aws-encryption-sdk-cli,GHSA-2xwp-m7mq-7q3r,CWE-275,2020-10-28T17:05:38Z,Apache-2.0,,
libpeska,,CAPEC-630,2018-10-12T00:00Z,Not Applicable,,
django-user-sessions,CVE-2020-5224,CWE-326,2020-01-24T20:15Z,MIT,8.8,CVSS:3.1/AV:N/AC:L/PR:L/UI:N/S:U/C:H/I:H/A:H
ansible,CVE-2019-14856,CWE-20,2019-11-26T14:15Z,GPL-3.0-or-later,6.5,CVSS:3.1/AV:N/AC:L/PR:L/UI:N/S:U/C:H/I:N/A:N
pillow,CVE-2021-27921,CWE-400,2021-03-03T09:15Z,HPND,7.5,CVSS:3.1/AV:N/AC:L/PR:N/UI:N/S:U/C:N/I:N/A:H
Plone,CVE-2011-4462,CWE-20,2011-12-30T01:55Z,GPL-2.0-only,,AV:N/AC:L/Au:N/C:N/I:N/A:P
python-fedora,CVE-2017-1002150,CWE-601,2017-09-14T13:29Z,LGPL-2.1-or-later,6.1,CVSS:3.0/AV:N/AC:L/PR:N/UI:R/S:C/C:L/I:L/A:N
ansible,CVE-2020-10744,CWE-668,2020-05-15T14:15Z,GPL-3.0-or-later,5.0,CVSS:3.1/AV:L/AC:H/PR:L/UI:R/S:C/C:L/I:L/A:L
aiohttp-session,CVE-2018-1000519,CWE-384,2018-06-26T16:29Z,Apache-2.0,6.5,CVSS:3.0/AV:N/AC:L/PR:N/UI:R/S:U/C:N/I:H/A:N
python-docx,CVE-2016-5851,CWE-611,2016-12-21T22:59Z,MIT,8.8,CVSS:3.0/AV:N/AC:L/PR:N/UI:R/S:U/C:H/I:H/A:H
pysaml2,CVE-2021-21239,CWE-347,2021-01-21T15:15Z,Apache-2.0,6.5,CVSS:3.1/AV:N/AC:L/PR:N/UI:R/S:U/C:N/I:H/A:N
notebook,CVE-2019-10255,CWE-601,2019-03-28T16:29Z,BSD-3-Clause,6.1,CVSS:3.0/AV:N/AC:L/PR:N/UI:R/S:C/C:L/I:L/A:N
cfscrape,CVE-2017-7235,CWE-20,2017-03-23T04:59Z,MIT,8.8,CVSS:3.0/AV:N/AC:L/PR:N/UI:R/S:U/C:H/I:H/A:H
python-dbusmock,CVE-2015-1326,CWE-20,2019-04-22T16:29Z,LGPL-3.0-or-later,8.8,CVSS:3.0/AV:N/AC:L/PR:N/UI:R/S:U/C:H/I:H/A:H
conference-scheduler-cli,CVE-2018-14572,CWE-78,2018-08-28T19:29Z,MIT,7.8,CVSS:3.0/AV:L/AC:L/PR:N/UI:R/S:U/C:H/I:H/A:H
reportlab,CVE-2020-28463,CWE-918,2021-02-18T16:15Z,BSD-3-Clause,6.5,CVSS:3.1/AV:N/AC:L/PR:L/UI:N/S:U/C:H/I:N/A:N
matrix-sydent,CVE-2021-29433,CWE-20,2021-04-15T18:15Z,Apache-2.0,4.3,CVSS:3.1/AV:N/AC:L/PR:L/UI:N/S:U/C:N/I:N/A:L
ovirt-engine-sdk,CVE-2014-0161,CWE-310,2012-08-31T20:55Z,Apache-2.0,,AV:N/AC:L/Au:N/C:N/I:P/A:N
libtaxii,CVE-2020-27197,CWE-918,2020-10-17T20:15Z,BSD-3-Clause,,
Plone,CVE-2011-1949,CWE-79,2011-06-06T19:55Z,GPL-2.0-only,,AV:N/AC:M/Au:S/C:N/I:P/A:N
tuf,CVE-2020-6173,CWE-400,2020-01-14T19:15Z,Apache-2.0,5.3,CVSS:3.1/AV:N/AC:L/PR:N/UI:N/S:U/C:N/I:N/A:L
python-keystoneclient,CVE-2013-2167,CWE-345,2019-12-10T15:15Z,Apache-2.0,9.8,CVSS:3.1/AV:N/AC:L/PR:N/UI:N/S:U/C:H/I:H/A:H
timeit,,CAPEC-630,2018-10-12T00:00Z,Not Applicable,,
ansible,CVE-2019-14905,CWE-610,2020-03-31T17:15Z,GPL-3.0-or-later,5.6,CVSS:3.1/AV:L/AC:L/PR:H/UI:N/S:U/C:H/I:L/A:L
qutebrowser,CVE-2018-1000559,CWE-79,2018-06-26T16:29Z,GPL-3.0-only,6.1,CVSS:3.0/AV:N/AC:L/PR:N/UI:R/S:C/C:L/I:L/A:N
tensorflow-gpu,CVE-2020-15196,CWE-119,2020-09-25T19:15Z,Apache-2.0,9.9,CVSS:3.1/AV:N/AC:L/PR:L/UI:N/S:C/C:H/I:H/A:H
tensorflow-cpu,CVE-2020-15201,CWE-20,2020-09-25T19:15Z,Apache-2.0,4.8,CVSS:3.1/AV:N/AC:H/PR:N/UI:N/S:U/C:L/I:L/A:N
typed-ast,CVE-2019-19274,CWE-125,2019-11-26T15:15Z,Apache-2.0,7.5,CVSS:3.1/AV:N/AC:L/PR:N/UI:N/S:U/C:N/I:N/A:H
django-sendfile2,GHSA-6r3c-8xf3-ggrr,CWE-22,2020-06-24T17:15:26Z,BSD-3-Clause,,
ansible-vault,CVE-2017-2809,CWE-94,2017-09-14T19:29Z,GPL-3.0-only,7.8,CVSS:3.0/AV:L/AC:L/PR:N/UI:R/S:U/C:H/I:H/A:H
apache-airflow,CVE-2019-12398,CWE-79,2020-01-14T17:15Z,Apache-2.0,4.8,CVSS:3.1/AV:N/AC:L/PR:H/UI:R/S:C/C:L/I:L/A:N
plone,CVE-2012-5494,CWE-79,2014-09-30T14:55Z,GPL-2.0-only,,AV:N/AC:M/Au:N/C:N/I:P/A:N
mailman,CVE-2011-0707,CWE-79,2011-02-22T19:00Z,GPL-3.0-only,,AV:N/AC:M/Au:N/C:N/I:P/A:N
mysql-connector,CVE-2017-3590,CWE-284,2017-04-24T19:59Z,GPL-2.0-only,3.3,CVSS:3.0/AV:L/AC:L/PR:L/UI:N/S:U/C:N/I:L/A:N
tensorflow-cpu,CVE-2020-15190,CWE-476,2020-09-25T19:15Z,Apache-2.0,5.3,CVSS:3.1/AV:N/AC:L/PR:N/UI:N/S:U/C:N/I:N/A:L
tensorflow-gpu,CVE-2020-15207,CWE-119,2020-09-25T19:15Z,Apache-2.0,9.0,CVSS:3.1/AV:N/AC:H/PR:N/UI:N/S:C/C:H/I:H/A:H
mitogen,CVE-2019-15149,CWE-254,2019-08-18T20:15Z,BSD-3-Clause,9.8,CVSS:3.0/AV:N/AC:L/PR:N/UI:N/S:U/C:H/I:H/A:H
tuf,CVE-2020-15163,CWE-863,2020-09-09T18:15Z,Apache-2.0,8.2,CVSS:3.1/AV:N/AC:H/PR:L/UI:N/S:C/C:H/I:H/A:N
flask,CVE-2019-1010083,CWE-20,2019-07-17T14:15Z,BSD-3-Clause,7.5,CVSS:3.0/AV:N/AC:L/PR:N/UI:N/S:U/C:N/I:N/A:H
Zope2,CVE-2012-5486,NVD-CWE-Other,2014-09-30T14:55Z,ZPL-2.1,,AV:N/AC:L/Au:N/C:N/I:P/A:P
pysaml2,CVE-2017-1000433,CWE-255,2018-01-02T23:29Z,Apache-2.0,8.1,CVSS:3.0/AV:N/AC:H/PR:N/UI:N/S:U/C:H/I:H/A:H
requests,CVE-2013-2099,CWE-399,2013-10-09T14:53Z,PSF-2.0,,AV:N/AC:M/Au:N/C:N/I:N/A:P
privacyIDEA,CVE-2018-1000809,CWE-20,2018-10-08T15:29Z,AGPL-3.0-only,7.5,CVSS:3.0/AV:N/AC:L/PR:N/UI:N/S:U/C:N/I:N/A:H
aioxmpp,CVE-2019-1000007,CWE-19,2019-02-04T21:29Z,LGPL-3.0-or-later,7.4,CVSS:3.0/AV:N/AC:H/PR:N/UI:N/S:U/C:N/I:H/A:H
modulemd,CVE-2017-1002157,CWE-20,2019-01-10T21:29Z,MIT,9.8,CVSS:3.0/AV:N/AC:L/PR:N/UI:N/S:U/C:H/I:H/A:H
rpyc,CVE-2019-16328,CWE-915,2019-10-03T20:15Z,MIT,7.5,CVSS:3.1/AV:N/AC:L/PR:N/UI:N/S:U/C:N/I:H/A:N
django,CVE-2019-6975,CWE-400,2019-02-11T13:29Z,BSD-3-Clause,7.5,CVSS:3.0/AV:N/AC:L/PR:N/UI:N/S:U/C:N/I:N/A:H
jsnapy,CVE-2018-0023,CWE-264,2018-04-11T19:29Z,Apache-2.0,5.5,CVSS:3.0/AV:L/AC:L/PR:L/UI:N/S:U/C:N/I:H/A:N
django-celery-results,CVE-2020-17495,CWE-312,2020-08-11T21:15Z,BSD-3-Clause,7.5,CVSS:3.1/AV:N/AC:L/PR:N/UI:N/S:U/C:H/I:N/A:N
apache-airflow,CVE-2017-15720,CWE-20,2019-01-23T17:29Z,Apache-2.0,8.8,CVSS:3.0/AV:N/AC:L/PR:L/UI:N/S:U/C:H/I:H/A:H
python-apt,CVE-2020-27351,CWE-772,2020-12-10T04:15Z,MIT,2.8,
pillow,CVE-2021-25290,CWE-787,2021-03-19T04:15Z,HPND,7.5,CVSS:3.1/AV:N/AC:L/PR:N/UI:N/S:U/C:N/I:N/A:H
priority,CVE-2016-6580,CWE-399,2017-01-10T15:59Z,MIT,7.5,CVSS:3.0/AV:N/AC:L/PR:N/UI:N/S:U/C:N/I:N/A:H
cryptography,CVE-2020-25659,CWE-208,2020-10-27T20:33:13Z,BSD-3-Clause OR Apache-2.0,7.5,CVSS:3.1/AV:N/AC:L/PR:N/UI:N/S:U/C:H/I:N/A:N
marshmallow,CVE-2018-17175,CWE-254,2018-09-18T17:29Z,MIT,5.3,CVSS:3.0/AV:N/AC:L/PR:N/UI:N/S:U/C:L/I:N/A:N
openapi-python-client,CVE-2020-15142,CWE-94,2020-08-14T17:15Z,MIT,9.0,CVSS:3.1/AV:N/AC:L/PR:L/UI:R/S:C/C:H/I:H/A:H
django,CVE-2021-3281,CWE-22,2021-02-02T07:15Z,BSD-3-Clause,5.3,
graphite-web,CVE-2013-5093,CWE-94,2013-09-27T10:08Z,Apache-2.0,,AV:N/AC:M/Au:N/C:P/I:P/A:P
paste,CVE-2010-2477,CWE-79,2010-11-06T00:00Z,MIT,,AV:N/AC:M/Au:N/C:N/I:P/A:N
apache-airflow,CVE-2020-17526,CWE-269,2020-12-21T17:15Z,Apache-2.0,7.7,CVSS:3.1/AV:N/AC:L/PR:L/UI:N/S:C/C:H/I:N/A:N
petl,CVE-2020-29128,CWE-611,2020-12-02T18:28:30Z,MIT,9.8,CVSS:3.1/AV:N/AC:L/PR:N/UI:N/S:U/C:H/I:H/A:H
ipython,CVE-2015-4707,CWE-79,2017-09-20T18:29Z,BSD-3-Clause,6.1,CVSS:3.0/AV:N/AC:L/PR:N/UI:R/S:C/C:L/I:L/A:N
django,CVE-2011-4137,CWE-399,2011-10-19T10:55Z,BSD-3-Clause,,AV:N/AC:L/Au:N/C:N/I:N/A:P
tortoise-orm,CVE-2020-11010,CWE-89,2020-04-20T22:15Z,Apache-2.0,8.8,CVSS:3.1/AV:N/AC:L/PR:L/UI:N/S:U/C:H/I:H/A:H
dynamodb-encryption-sdk,GHSA-4ph2-8337-hm62,,2021-02-08T17:43:49Z,Apache-2.0,,
django-two-factor-auth,CVE-2020-15105,CWE-312,2020-07-10T21:15Z,MIT,5.4,CVSS:3.1/AV:N/AC:H/PR:L/UI:R/S:U/C:H/I:L/A:N
nltk,CVE-2019-14751,CWE-22,2019-08-22T16:15Z,Apache-2.0,7.5,CVSS:3.0/AV:N/AC:L/PR:N/UI:N/S:U/C:N/I:H/A:N
django-make-app,CVE-2017-16764,CWE-77,2017-11-10T09:29Z,MIT,9.8,CVSS:3.0/AV:N/AC:L/PR:N/UI:N/S:U/C:H/I:H/A:H
ansible,CVE-2016-3096,CWE-59,2016-06-03T14:59Z,GPL-3.0-or-later,7.8,CVSS:3.0/AV:L/AC:L/PR:L/UI:N/S:U/C:H/I:H/A:H
koji,CVE-2018-1002150,CWE-732,2018-04-04T20:29Z,LGPL-2.1-only,9.1,CVSS:3.0/AV:N/AC:L/PR:N/UI:N/S:U/C:H/I:H/A:N
pillow,CVE-2014-3589,CWE-20,2014-08-25T14:55Z,HPND,,AV:N/AC:L/Au:N/C:N/I:N/A:P
mysql-connector-python,CVE-2019-2435,CWE-284,2019-01-16T19:30Z,GPL-2.0-only,8.1,CVSS:3.0/AV:N/AC:L/PR:N/UI:R/S:U/C:H/I:H/A:N
websockets,CVE-2018-1000518,CWE-400,2018-06-26T16:29Z,BSD-3-Clause,7.5,CVSS:3.0/AV:N/AC:L/PR:N/UI:N/S:U/C:N/I:N/A:H
apache-airflow,CVE-2017-17835,CWE-352,2019-01-23T17:29Z,Apache-2.0,8.8,CVSS:3.0/AV:N/AC:L/PR:N/UI:R/S:U/C:H/I:H/A:H
acqusition,,CAPEC-630,2017-09-09T22:00Z,Not Applicable,,
plone.app.theming,CVE-2020-28736,CWE-611,2020-12-30T19:15Z,GPL-1.0-only,8.8,CVSS:3.1/AV:N/AC:L/PR:L/UI:N/S:U/C:H/I:H/A:H
ymlref,CVE-2018-20133,CWE-94,2018-12-17T19:29Z,MIT,9.8,CVSS:3.0/AV:N/AC:L/PR:N/UI:N/S:U/C:H/I:H/A:H
tenable-jira-cloud,CVE-2021-21371,CWE-502,2021-03-10T22:15Z,MIT,8.6,CVSS:3.1/AV:L/AC:L/PR:N/UI:R/S:C/C:H/I:H/A:H
ansible,CVE-2020-1753,CWE-532,2020-03-16T15:15Z,GPL-3.0-or-later,5.5,CVSS:3.1/AV:L/AC:L/PR:L/UI:N/S:U/C:H/I:N/A:N
pycrypto,CVE-2013-7459,CWE-119,2017-02-15T15:59Z,Other,9.8,CVSS:3.0/AV:N/AC:L/PR:N/UI:N/S:U/C:H/I:H/A:H
tryton,CVE-2018-19443,CWE-384,2018-11-22T19:29Z,GPL-3.0-only,5.9,CVSS:3.0/AV:N/AC:H/PR:N/UI:N/S:U/C:H/I:N/A:N
openpyxl,CVE-2017-5992,CWE-611,2017-02-15T19:59Z,MIT,8.2,CVSS:3.0/AV:L/AC:L/PR:N/UI:R/S:C/C:H/I:N/A:H
Products.CMFPlone,CVE-2011-1948,CWE-79,2011-06-06T19:55Z,GPL-2.0-only,,AV:N/AC:M/Au:N/C:N/I:P/A:N
tensorflow,CVE-2020-26268,CWE-471,2020-12-10T23:15Z,Apache-2.0,4.4,
mailman,CVE-2018-13796,CWE-20,2018-07-12T18:29Z,GPL-3.0-only,6.5,CVSS:3.0/AV:N/AC:L/PR:N/UI:R/S:U/C:N/I:H/A:N
notebook,CVE-2018-8768,CWE-94,2018-03-18T06:29Z,BSD-3-Clause,7.8,CVSS:3.0/AV:L/AC:L/PR:N/UI:R/S:U/C:H/I:H/A:H
httplib2,CVE-2021-21240,CWE-400,2021-02-08T20:15Z,MIT,7.5,CVSS:3.1/AV:N/AC:L/PR:N/UI:N/S:U/C:N/I:N/A:H
ipython,CVE-2015-4706,CWE-79,2017-09-21T14:29Z,BSD-3-Clause,6.1,CVSS:3.0/AV:N/AC:L/PR:N/UI:R/S:C/C:L/I:L/A:N
django,CVE-2011-4136,CWE-20,2011-10-19T10:55Z,BSD-3-Clause,,AV:N/AC:M/Au:N/C:N/I:P/A:P
ladon,CVE-2019-1010268,CWE-611,2019-07-18T17:15Z,LGPL-3.0-only,9.8,CVSS:3.0/AV:N/AC:L/PR:N/UI:N/S:U/C:H/I:H/A:H
limnoria,CVE-2019-19010,CWE-94,2019-11-16T01:15Z,BSD-3-Clause,9.8,CVSS:3.1/AV:N/AC:L/PR:N/UI:N/S:U/C:H/I:H/A:H
pillow,CVE-2019-19911,CWE-190,2020-01-05T22:15Z,HPND,7.5,CVSS:3.1/AV:N/AC:L/PR:N/UI:N/S:U/C:N/I:N/A:H
pillow,CVE-2021-25291,CWE-125,2021-03-19T04:15Z,HPND,7.5,CVSS:3.1/AV:N/AC:L/PR:N/UI:N/S:U/C:N/I:N/A:H
mysql-connector,CVE-2016-5598,CWE-284,2016-10-25T14:31Z,GPL-2.0-only,5.6,CVSS:3.0/AV:N/AC:H/PR:N/UI:N/S:U/C:L/I:L/A:L
oic,CVE-2020-26244,CWE-347,2020-12-02T20:15Z,Apache-2.0,6.8,CVSS:3.1/AV:N/AC:H/PR:L/UI:N/S:U/C:H/I:H/A:N
jupyterhub-kubespawner,CVE-2020-15110,CWE-863,2020-07-17T21:15Z,BSD-3-Clause,8.1,CVSS:3.1/AV:N/AC:L/PR:L/UI:N/S:U/C:H/I:H/A:N
ansible,CVE-2014-3498,CWE-20,2017-06-08T18:29Z,GPL-3.0-or-later,8.8,CVSS:3.0/AV:N/AC:L/PR:L/UI:N/S:U/C:H/I:H/A:H
virtualenv,CVE-2018-17793,CWE-254,2018-09-30T19:29Z,MIT,10.0,CVSS:3.0/AV:N/AC:L/PR:N/UI:N/S:C/C:H/I:H/A:H
django-epiceditor,CVE-2017-6591,CWE-79,2017-03-09T20:59Z,BSD-3-Clause,6.1,CVSS:3.0/AV:N/AC:L/PR:N/UI:R/S:C/C:L/I:L/A:N
CairoSVG,CVE-2021-21236,CWE-400,2021-01-06T17:15Z,LGPL-3.0-or-later,5.7,CVSS:3.1/AV:N/AC:L/PR:L/UI:R/S:U/C:N/I:N/A:H
apache-airflow,CVE-2019-0216,CWE-79,2019-04-10T20:29Z,Apache-2.0,4.8,CVSS:3.0/AV:N/AC:L/PR:H/UI:R/S:C/C:L/I:L/A:N
plone,CVE-2016-4043,CWE-264,2017-02-24T20:59Z,GPL-2.0-only,4.9,CVSS:3.0/AV:N/AC:L/PR:H/UI:N/S:U/C:N/I:H/A:N
django,CVE-2011-0698,CWE-22,2011-02-14T21:00Z,BSD-3-Clause,,AV:N/AC:L/Au:N/C:P/I:P/A:P
sickrage,CVE-2021-25925,CWE-79,2021-04-12T14:15Z,GPL-3.0-only,5.4,CVSS:3.1/AV:N/AC:L/PR:L/UI:R/S:C/C:L/I:L/A:N
tensorflow-cpu,CVE-2020-15191,CWE-20,2020-09-25T19:15Z,Apache-2.0,5.3,CVSS:3.1/AV:N/AC:L/PR:N/UI:N/S:U/C:N/I:N/A:L
tensorflow-gpu,CVE-2020-15206,CWE-20,2020-09-25T19:15Z,Apache-2.0,7.5,CVSS:3.1/AV:N/AC:L/PR:N/UI:N/S:U/C:N/I:N/A:H
dajngo,,CAPEC-630,2018-10-12T00:00Z,Not Applicable,,
requests,CVE-2014-1830,CWE-200,2014-10-15T14:55Z,Apache-2.0,,AV:N/AC:L/Au:N/C:P/I:N/A:N
channels,CVE-2020-35681,CWE-200,2021-02-22T03:15Z,BSD-3-Clause,7.4,CVSS:3.1/AV:N/AC:H/PR:N/UI:N/S:U/C:H/I:N/A:H
django-tastypie,CVE-2011-4103,CWE-20,2014-10-27T01:55Z,Other,,AV:N/AC:L/Au:N/C:P/I:P/A:P
plone,CVE-2015-7293,CWE-352,2017-09-25T21:29Z,GPL-2.0-only,8.8,CVSS:3.0/AV:N/AC:L/PR:N/UI:R/S:U/C:H/I:H/A:H
plone,CVE-2012-5495,CWE-94,2014-09-30T14:55Z,GPL-2.0-only,,AV:N/AC:L/Au:N/C:N/I:N/A:P
tensorflow,CVE-2019-9635,CWE-476,2019-04-24T17:29Z,Apache-2.0,6.5,CVSS:3.0/AV:N/AC:L/PR:N/UI:R/S:U/C:N/I:N/A:H
recommender-xblock,CVE-2018-20858,CWE-79,2019-08-09T16:15Z,AGPL-3.0-only,6.1,CVSS:3.0/AV:N/AC:L/PR:N/UI:R/S:C/C:L/I:L/A:N
tensorflow-gpu,CVE-2020-15197,CWE-20,2020-09-25T19:15Z,Apache-2.0,6.3,CVSS:3.1/AV:N/AC:H/PR:L/UI:N/S:C/C:N/I:N/A:H
tensorflow-cpu,CVE-2020-15200,CWE-20,2020-09-25T19:15Z,Apache-2.0,5.9,CVSS:3.1/AV:N/AC:H/PR:N/UI:N/S:U/C:N/I:N/A:H
typed-ast,CVE-2019-19275,CWE-125,2019-11-26T15:15Z,Apache-2.0,7.5,CVSS:3.1/AV:N/AC:L/PR:N/UI:N/S:U/C:N/I:N/A:H
ansible,CVE-2019-14904,CWE-78,2020-08-26T03:15Z,GPL-3.0-or-later,7.3,CVSS:3.1/AV:L/AC:L/PR:H/UI:N/S:C/C:H/I:L/A:L
tensorflow,CVE-2018-10055,CWE-119,2019-04-24T17:29Z,Apache-2.0,8.1,CVSS:3.0/AV:N/AC:L/PR:N/UI:R/S:U/C:H/I:N/A:H
django-nopassword,CVE-2019-10682,CWE-522,2020-03-18T15:15Z,MIT,7.5,CVSS:3.1/AV:N/AC:L/PR:N/UI:N/S:U/C:H/I:N/A:N
tensorflow-gpu,CVE-2020-26268,CWE-471,2020-12-10T23:15Z,Apache-2.0,4.4,
matrix-sydent,CVE-2021-29432,CWE-20,2021-04-15T21:15Z,Unknown,5.3,CVSS:3.1/AV:N/AC:L/PR:N/UI:N/S:U/C:L/I:N/A:N
paramiko,CVE-2008-0299,NVD-CWE-Other,2008-01-16T23:00Z,LGPL-2.1-only,,AV:N/AC:M/Au:N/C:P/I:N/A:N
django-basic-auth-ip-whitelist,CVE-2020-4071,CWE-208,2020-06-24T13:15Z,BSD-2-Clause,2.4,CVSS:3.1/AV:P/AC:L/PR:N/UI:N/S:U/C:L/I:N/A:N
ansible,CVE-2019-10156,CWE-200,2019-07-30T23:15Z,GPL-3.0-or-later,5.4,CVSS:3.0/AV:N/AC:L/PR:L/UI:N/S:U/C:L/I:L/A:N
mybiubiubiu,,CAPEC-630,2018-10-12T00:00Z,Not Applicable,,
mistune,CVE-2017-15612,CWE-79,2017-10-19T08:29Z,BSD-3-Clause,6.1,CVSS:3.0/AV:N/AC:L/PR:N/UI:R/S:C/C:L/I:L/A:N
elastic-apm,CVE-2019-7617,CWE-20,2019-08-22T17:15Z,BSD-3-Clause,7.2,CVSS:3.0/AV:N/AC:L/PR:N/UI:N/S:C/C:L/I:L/A:N
pysaml2,CVE-2021-21238,CWE-347,2021-01-21T15:15Z,Apache-2.0,6.5,CVSS:3.1/AV:N/AC:L/PR:N/UI:R/S:U/C:N/I:H/A:N
markdown2,CVE-2020-11888,CWE-79,2020-04-20T16:15Z,MIT,6.1,CVSS:3.1/AV:N/AC:L/PR:N/UI:R/S:C/C:L/I:L/A:N
jupyter-server,CVE-2020-26232,CWE-601,2020-11-24T21:15Z,BSD-3-Clause,4.1,CVSS:3.1/AV:N/AC:L/PR:L/UI:R/S:C/C:N/I:L/A:N
django-crm,CVE-2019-11457,CWE-352,2019-08-27T15:15Z,MIT,8.8,CVSS:3.0/AV:N/AC:L/PR:N/UI:R/S:U/C:H/I:H/A:H
django-registration,CVE-2021-21416,CWE-209,2021-04-01T22:15Z,BSD-3-Clause,3.7,CVSS:3.1/AV:L/AC:H/PR:H/UI:R/S:C/C:L/I:L/A:N
pillow,CVE-2016-3076,CWE-119,2017-04-24T18:59Z,HPND,5.5,CVSS:3.0/AV:L/AC:L/PR:N/UI:R/S:U/C:N/I:N/A:H
pysaml2,CVE-2020-5390,CWE-347,2020-01-13T19:15Z,Apache-2.0,7.5,CVSS:3.1/AV:N/AC:L/PR:N/UI:N/S:U/C:N/I:H/A:N
urllib3,CVE-2020-26137,CWE-664,2020-09-30T18:15Z,MIT,6.5,CVSS:3.1/AV:N/AC:L/PR:N/UI:N/S:U/C:L/I:L/A:N
google-appengine,CVE-2011-4213,CWE-264,2011-10-30T19:55Z,Apache-2.0,,AV:L/AC:L/Au:N/C:C/I:C/A:C
pycryptodome,CVE-2018-15560,CWE-190,2018-08-20T00:29Z,Other,7.5,CVSS:3.1/AV:N/AC:L/PR:N/UI:N/S:U/C:N/I:N/A:H
django,CVE-2019-14235,CWE-20,2019-08-02T15:15Z,BSD-3-Clause,7.5,CVSS:3.0/AV:N/AC:L/PR:N/UI:N/S:U/C:N/I:N/A:H
pyspark,CVE-2019-10099,CWE-310,2019-08-07T17:15Z,Apache-2.0,7.5,CVSS:3.0/AV:N/AC:L/PR:N/UI:N/S:U/C:H/I:N/A:N
asyncpg,CVE-2020-17446,CWE-824,2020-08-12T16:15Z,Apache-2.0,9.8,CVSS:3.1/AV:N/AC:L/PR:N/UI:N/S:U/C:H/I:H/A:H
pillow,CVE-2016-4009,CWE-119,2016-04-13T16:59Z,HPND,9.8,CVSS:3.0/AV:N/AC:L/PR:N/UI:N/S:U/C:H/I:H/A:H
ihatemoney,CVE-2020-15120,CWE-863,2020-07-27T18:15Z,Beerware,4.9,CVSS:3.1/AV:N/AC:L/PR:H/UI:N/S:U/C:N/I:H/A:N
pyyaml,CVE-2019-20477,CWE-502,2020-02-19T04:15Z,MIT,9.8,CVSS:3.1/AV:N/AC:L/PR:N/UI:N/S:U/C:H/I:H/A:H
waitress,CVE-2019-16786,CWE-444,2019-12-20T23:15Z,ZPL-2.1,7.5,CVSS:3.1/AV:N/AC:L/PR:N/UI:N/S:U/C:N/I:H/A:N
bzip,,CAPEC-630,2017-09-09T22:00Z,Not Applicable,,
tensorflow,CVE-2020-15210,CWE-20,2020-09-25T19:15Z,Apache-2.0,6.5,CVSS:3.1/AV:N/AC:H/PR:N/UI:N/S:U/C:N/I:L/A:H
drf-jwt,CVE-2020-10594,CWE-287,2020-03-15T22:15Z,MIT,9.1,CVSS:3.1/AV:N/AC:L/PR:N/UI:N/S:U/C:H/I:H/A:N
django,CVE-2017-7234,CWE-601,2017-04-04T17:59Z,BSD-3-Clause,6.1,CVSS:3.0/AV:N/AC:L/PR:N/UI:R/S:C/C:L/I:L/A:N
plone,CVE-2012-5499,CWE-399,2014-09-30T14:55Z,GPL-2.0-only,,AV:N/AC:L/Au:N/C:N/I:N/A:P
mayan-edms,CVE-2018-16406,CWE-79,2018-09-03T19:29Z,Apache-2.0,6.1,CVSS:3.0/AV:N/AC:L/PR:N/UI:R/S:C/C:L/I:L/A:N
tensorflow,CVE-2020-15206,CWE-20,2020-09-25T19:15Z,Apache-2.0,7.5,CVSS:3.1/AV:N/AC:L/PR:N/UI:N/S:U/C:N/I:N/A:H
tensorflow,CVE-2018-8825,CWE-119,2019-04-23T21:29Z,Apache-2.0,8.8,CVSS:3.0/AV:N/AC:L/PR:N/UI:R/S:U/C:H/I:H/A:H
tensorflow,CVE-2020-15197,CWE-20,2020-09-25T19:15Z,Apache-2.0,6.3,CVSS:3.1/AV:N/AC:H/PR:L/UI:N/S:C/C:N/I:N/A:H
zodb,CVE-2010-3495,CWE-362,2010-10-19T20:00Z,ZPL-2.1,,AV:N/AC:M/Au:N/C:N/I:N/A:P
pillow,CVE-2020-10379,CWE-120,2020-06-25T19:15Z,HPND,7.8,CVSS:3.1/AV:L/AC:L/PR:N/UI:R/S:U/C:H/I:H/A:H
ansible,CVE-2016-8614,CWE-320,2018-07-31T21:29Z,GPL-3.0-or-later,7.5,CVSS:3.0/AV:N/AC:L/PR:N/UI:N/S:U/C:N/I:H/A:N
apache-airflow,CVE-2020-17511,CWE-312,2020-12-14T10:15Z,Apache-2.0,6.5,CVSS:3.1/AV:N/AC:L/PR:L/UI:N/S:U/C:H/I:N/A:N
tensorflow-gpu,CVE-2020-15190,CWE-476,2020-09-25T19:15Z,Apache-2.0,5.3,CVSS:3.1/AV:N/AC:L/PR:N/UI:N/S:U/C:N/I:N/A:L
tensorflow-cpu,CVE-2020-15207,CWE-119,2020-09-25T19:15Z,Apache-2.0,9.0,CVSS:3.1/AV:N/AC:H/PR:N/UI:N/S:C/C:H/I:H/A:H
roundup,CVE-2012-6132,CWE-79,2014-04-10T20:29Z,MIT,,AV:N/AC:M/Au:N/C:N/I:P/A:N
urllib3,CVE-2020-7212,CWE-400,2020-03-06T20:15Z,MIT,7.5,CVSS:3.1/AV:N/AC:L/PR:N/UI:N/S:U/C:N/I:N/A:H
graphite-web,CVE-2013-5943,CWE-79,2013-09-27T10:08Z,Apache-2.0,,AV:N/AC:M/Au:N/C:N/I:P/A:N
apache-airflow,CVE-2018-20244,CWE-79,2019-02-27T18:29Z,Apache-2.0,5.5,CVSS:3.0/AV:N/AC:L/PR:H/UI:N/S:C/C:L/I:L/A:N
datasette-indieauth,GHSA-mjcr-rqjg-rhg3,CWE-284,2020-11-24T21:21:04Z,Apache-2.0,,
pyftpdlib,CVE-2010-3494,CWE-362,2010-10-19T20:00Z,MIT,,AV:N/AC:M/Au:N/C:N/I:N/A:P
tensorflow-cpu,CVE-2020-15196,CWE-119,2020-09-25T19:15Z,Apache-2.0,9.9,CVSS:3.1/AV:N/AC:L/PR:L/UI:N/S:C/C:H/I:H/A:H
tensorflow-gpu,CVE-2020-15201,CWE-20,2020-09-25T19:15Z,Apache-2.0,4.8,CVSS:3.1/AV:N/AC:H/PR:N/UI:N/S:U/C:L/I:L/A:N
libari,,CAPEC-630,2019-07-17T00:00Z,Not Applicable,,
murano-dashboard,CVE-2016-4972,CWE-20,2016-09-26T16:59Z,Apache-2.0,9.8,CVSS:3.0/AV:N/AC:L/PR:N/UI:N/S:U/C:H/I:H/A:H
Products.PluggableAuthService,CVE-2021-21337,CWE-601,2021-03-08T21:15Z,ZPL-2.1,6.1,CVSS:3.1/AV:N/AC:L/PR:N/UI:R/S:C/C:L/I:L/A:N
pikepdf,CVE-2021-29421,CWE-611,2021-04-01T20:15Z,MPL-2.0,7.5,CVSS:3.1/AV:N/AC:L/PR:N/UI:N/S:U/C:H/I:N/A:N
beaker,CVE-2012-3458,CWE-310,2012-09-15T17:55Z,BSD-3-Clause,,AV:N/AC:M/Au:N/C:P/I:N/A:N
Plone,CVE-2011-2528,CWE-265,2011-07-19T20:55Z,GPL-2.0-only,,AV:N/AC:L/Au:N/C:P/I:P/A:P
qutebrowser,CVE-2020-11054,CWE-390,2020-05-07T21:15Z,GPL-3.0-only,3.5,CVSS:3.1/AV:N/AC:L/PR:L/UI:R/S:U/C:L/I:N/A:N
wagtail,CVE-2020-11001,CWE-79,2020-04-14T23:15Z,BSD-3-Clause,6.8,CVSS:3.1/AV:N/AC:L/PR:L/UI:R/S:C/C:H/I:N/A:N
google-appengine,CVE-2011-1364,CWE-352,2011-10-30T19:55Z,Apache-2.0,,AV:N/AC:M/Au:N/C:P/I:P/A:P
ansible,CVE-2020-1739,CWE-200,2020-03-12T18:15Z,GPL-3.0-or-later,3.9,CVSS:3.1/AV:L/AC:L/PR:L/UI:R/S:U/C:L/I:L/A:N
django,CVE-2020-13254,CWE-295,2020-06-03T14:15Z,BSD-3-Clause,5.9,CVSS:3.1/AV:N/AC:H/PR:N/UI:N/S:U/C:H/I:N/A:N
moin,CVE-2011-1058,CWE-79,2011-02-22T18:00Z,GPL-2.0-or-later,,AV:N/AC:H/Au:N/C:N/I:P/A:N
ansible-tower-cli,CVE-2018-16879,CWE-417,2019-01-03T14:29Z,Apache-2.0,9.8,CVSS:3.0/AV:N/AC:L/PR:N/UI:N/S:U/C:H/I:H/A:H
httplib2,CVE-2013-2037,CWE-20,2014-01-18T21:55Z,MIT,,AV:N/AC:H/Au:N/C:N/I:P/A:N
oauthenticator,CVE-2020-26250,CWE-863,2020-12-01T21:15Z,BSD-3-Clause,6.3,CVSS:3.1/AV:N/AC:H/PR:L/UI:N/S:C/C:H/I:N/A:N
djago,,CAPEC-630,2018-10-12T00:00Z,Not Applicable,,
definitions,CVE-2018-20325,CWE-77,2018-12-21T23:29Z,MIT,9.8,CVSS:3.0/AV:N/AC:L/PR:N/UI:N/S:U/C:H/I:H/A:H
pip,CVE-2013-1888,CWE-59,2013-08-17T00:00Z,MIT,,AV:L/AC:M/Au:N/C:C/I:C/A:C
pillow,CVE-2020-5312,CWE-120,2020-01-03T01:15Z,HPND,9.8,CVSS:3.1/AV:N/AC:L/PR:N/UI:N/S:U/C:H/I:H/A:H
pastescript,CVE-2012-0878,CWE-264,2012-05-01T19:55Z,MIT,,AV:N/AC:H/Au:N/C:P/I:P/A:P
ssh-decorator,,CAPEC-630,2018-05-08T00:00Z,Not Applicable,,
pip,CVE-2014-8991,CWE-264,2014-11-24T15:59Z,MIT,,AV:L/AC:L/Au:N/C:N/I:N/A:P
python-cjson,CVE-2010-1666,CWE-119,2010-07-02T19:00Z,LGPL-2.1-or-later,,AV:N/AC:M/Au:N/C:P/I:P/A:P
numpy,CVE-2017-12852,CWE-400,2017-08-15T16:29Z,BSD-3-Clause,7.5,CVSS:3.0/AV:N/AC:L/PR:N/UI:N/S:U/C:N/I:N/A:H
plone.app.dexterity,CVE-2020-28736,CWE-611,2020-12-30T19:15Z,GPL-1.0-only,8.8,CVSS:3.1/AV:N/AC:L/PR:L/UI:N/S:U/C:H/I:H/A:H
bleach,CVE-2020-6817,CWE-400,2020-03-30T19:45:56Z,Apache-2.0,,
lxml,CVE-2020-27783,CWE-79,2020-12-03T17:15Z,BSD-3-Clause,6.1,CVSS:3.1/AV:N/AC:L/PR:N/UI:R/S:C/C:L/I:L/A:N
zope2,CVE-2012-5506,CWE-399,2014-09-30T14:55Z,ZPL-2.1,,AV:N/AC:L/Au:N/C:N/I:N/A:P
virtualenv,CVE-2011-4617,CWE-59,2011-12-31T01:55Z,MIT,,AV:L/AC:H/Au:N/C:N/I:P/A:N
notebook,CVE-2018-19352,CWE-79,2018-11-18T17:29Z,BSD-3-Clause,6.1,CVSS:3.0/AV:N/AC:L/PR:N/UI:R/S:C/C:L/I:L/A:N
pillow,CVE-2016-0775,CWE-119,2016-04-13T16:59Z,HPND,6.5,CVSS:3.0/AV:N/AC:L/PR:N/UI:R/S:U/C:N/I:N/A:H
tqdm,CVE-2016-10075,CWE-17,2017-01-19T20:59Z,MPL-2.0 OR MIT,7.8,CVSS:3.0/AV:L/AC:L/PR:L/UI:N/S:U/C:H/I:H/A:H
urllib3,CVE-2018-20060,CWE-255,2018-12-11T17:29Z,MIT,9.8,CVSS:3.0/AV:N/AC:L/PR:N/UI:N/S:U/C:H/I:H/A:H
pyopenssl,CVE-2018-1000808,CWE-401,2018-10-08T15:29Z,Apache-2.0,5.9,CVSS:3.0/AV:N/AC:H/PR:N/UI:N/S:U/C:N/I:N/A:H
Flask-Security-Too,GHSA-fxq4-r6mr-9x64,CWE-352,2021-04-08T16:46:00Z,MIT,4.9,CVSS:3.1/AV:N/AC:H/PR:L/UI:N/S:C/C:L/I:L/A:N
plone.supermodel,CVE-2020-28734,CWE-611,2020-12-30T19:15Z,BSD-3-Clause,8.8,CVSS:3.1/AV:N/AC:L/PR:L/UI:N/S:U/C:H/I:H/A:H
tensorflow,CVE-2020-15190,CWE-476,2020-09-25T19:15Z,Apache-2.0,5.3,CVSS:3.1/AV:N/AC:L/PR:N/UI:N/S:U/C:N/I:N/A:L
pwntools,CVE-2020-28468,CWE-94,2021-01-08T12:15Z,MIT,9.8,CVSS:3.1/AV:N/AC:L/PR:N/UI:N/S:U/C:H/I:H/A:H
ansible,CVE-2020-10685,CWE-668,2020-05-11T14:15Z,GPL-3.0-or-later,5.5,CVSS:3.1/AV:L/AC:L/PR:L/UI:N/S:U/C:H/I:N/A:N
owlmixin,CVE-2017-16618,CWE-94,2017-11-08T03:29Z,MIT,9.8,CVSS:3.0/AV:N/AC:L/PR:N/UI:N/S:U/C:H/I:H/A:H
tensorflow,CVE-2020-15201,CWE-20,2020-09-25T19:15Z,Apache-2.0,4.8,CVSS:3.1/AV:N/AC:H/PR:N/UI:N/S:U/C:L/I:L/A:N
moin,CVE-2008-6549,CWE-399,2009-03-30T01:30Z,GPL-2.0-or-later,,AV:N/AC:L/Au:N/C:N/I:N/A:P
uvicorn,CVE-2020-7694,CWE-74,2020-07-27T12:15Z,BSD-3-Clause,7.5,CVSS:3.1/AV:N/AC:L/PR:N/UI:N/S:U/C:N/I:H/A:N
django,CVE-2012-3443,CWE-20,2012-07-31T17:55Z,BSD-3-Clause,,AV:N/AC:L/Au:N/C:N/I:N/A:P
Twisted,CVE-2020-10108,CWE-20,2020-03-12T13:15Z,MIT,9.8,CVSS:3.1/AV:N/AC:L/PR:N/UI:N/S:U/C:H/I:H/A:H
pillow,CVE-2020-11538,CWE-125,2020-06-25T19:15Z,HPND,8.1,CVSS:3.1/AV:N/AC:H/PR:N/UI:N/S:U/C:H/I:H/A:H
django,CVE-2014-3730,CWE-20,2014-05-16T15:55Z,BSD-3-Clause,,AV:N/AC:M/Au:N/C:N/I:P/A:N
libpesh,,CAPEC-630,2019-07-17T00:00Z,Not Applicable,,
django-server,,CAPEC-630,2017-09-09T22:00Z,Not Applicable,,
lxml,CVE-2021-28957,CWE-79,2021-03-21T05:15Z,BSD-3-Clause,6.3,
django,CVE-2017-7233,CWE-601,2017-04-04T17:59Z,BSD-3-Clause,6.1,CVSS:3.0/AV:N/AC:L/PR:N/UI:R/S:C/C:L/I:L/A:N
ansible,CVE-2020-1735,CWE-22,2020-03-16T16:15Z,GPL-3.0-or-later,4.6,CVSS:3.1/AV:L/AC:L/PR:H/UI:N/S:C/C:L/I:L/A:N
pysaml2,CVE-2016-10149,CWE-611,2017-03-24T14:59Z,Apache-2.0,7.5,CVSS:3.0/AV:N/AC:L/PR:N/UI:N/S:U/C:H/I:N/A:N
plone,CVE-2012-5488,CWE-94,2014-09-30T14:55Z,GPL-2.0-only,,AV:N/AC:L/Au:N/C:N/I:N/A:P
pymongo,CVE-2013-2132,NVD-CWE-Other,2013-08-15T17:55Z,Apache-2.0,,AV:N/AC:M/Au:N/C:N/I:N/A:P
django,CVE-2019-14232,CWE-20,2019-08-02T15:15Z,BSD-3-Clause,7.5,CVSS:3.0/AV:N/AC:L/PR:N/UI:N/S:U/C:N/I:N/A:H
urllib3,CVE-2016-9015,CWE-295,2017-01-11T16:59Z,MIT,3.7,CVSS:3.0/AV:N/AC:H/PR:N/UI:N/S:U/C:L/I:N/A:N
confire,CVE-2017-16763,CWE-94,2017-11-10T09:29Z,MIT,9.8,CVSS:3.0/AV:N/AC:L/PR:N/UI:N/S:U/C:H/I:H/A:H
django,CVE-2018-14574,CWE-601,2018-08-03T17:29Z,BSD-3-Clause,6.1,CVSS:3.0/AV:N/AC:L/PR:N/UI:R/S:C/C:L/I:L/A:N
jeIlyfish,,CAPEC-630,2019-12-01T00:00Z,Not Applicable,,
pyxdg,CVE-2014-1624,CWE-59,2014-01-28T00:55Z,LGPL-2.0-only,,AV:L/AC:M/Au:N/C:N/I:P/A:P
apache-airflow,CVE-2020-9485,CWE-79,2020-07-17T00:15Z,Apache-2.0,6.1,CVSS:3.1/AV:N/AC:L/PR:N/UI:R/S:C/C:L/I:L/A:N
django,CVE-2014-0472,CWE-94,2014-04-23T15:55Z,BSD-3-Clause,,AV:N/AC:H/Au:N/C:P/I:P/A:P
webargs,CVE-2020-7965,CWE-352,2020-01-29T15:15Z,MIT,8.8,CVSS:3.1/AV:N/AC:L/PR:N/UI:R/S:U/C:H/I:H/A:H
plone.app.event,CVE-2020-28734,CWE-611,2020-12-30T19:15Z,GPL-2.0-only,8.8,CVSS:3.1/AV:N/AC:L/PR:L/UI:N/S:U/C:H/I:H/A:H
supervisor,CVE-2017-11610,CWE-284,2017-08-23T14:29Z,Other,8.8,CVSS:3.0/AV:N/AC:L/PR:L/UI:N/S:U/C:H/I:H/A:H
aubio,CVE-2018-19802,CWE-476,2019-06-07T17:29Z,GPL-3.0-or-later,7.5,CVSS:3.0/AV:N/AC:L/PR:N/UI:N/S:U/C:N/I:N/A:H
feedparser,CVE-2011-1157,CWE-79,2011-04-11T18:55Z,Other,,AV:N/AC:M/Au:N/C:N/I:P/A:N
python-muranoclient,CVE-2016-4972,CWE-20,2016-09-26T16:59Z,Apache-2.0,9.8,CVSS:3.0/AV:N/AC:L/PR:N/UI:N/S:U/C:H/I:H/A:H
rdflib,CVE-2019-7653,CWE-94,2019-02-09T03:29Z,BSD-3-Clause,9.8,CVSS:3.0/AV:N/AC:L/PR:N/UI:N/S:U/C:H/I:H/A:H
python-gnupg,CVE-2013-7323,NVD-CWE-Other,2014-06-09T19:55Z,Other,,AV:N/AC:L/Au:N/C:P/I:P/A:P
python-saml,CVE-2017-11427,CWE-287,2019-04-17T14:29Z,MIT,9.8,CVSS:3.0/AV:N/AC:L/PR:N/UI:N/S:U/C:H/I:H/A:H
html5lib,CVE-2016-9910,CWE-79,2017-02-22T16:59Z,MIT,6.1,CVSS:3.0/AV:N/AC:L/PR:N/UI:R/S:C/C:L/I:L/A:N
python-gnupg,CVE-2014-1927,CWE-20,2014-10-25T21:55Z,Other,,AV:N/AC:L/Au:N/C:P/I:P/A:P
django,CVE-2021-28658,CWE-22,2021-04-06T15:15Z,BSD-3-Clause,3.7,CVSS:3.1/AV:N/AC:H/PR:N/UI:N/S:U/C:L/I:N/A:N
pillow,CVE-2016-9190,CWE-284,2016-11-04T10:59Z,HPND,7.8,CVSS:3.0/AV:L/AC:L/PR:N/UI:R/S:U/C:H/I:H/A:H
wagtail,CVE-2020-11037,CWE-362,2020-04-30T23:15Z,BSD-3-Clause,4.7,CVSS:3.1/AV:L/AC:H/PR:L/UI:N/S:U/C:H/I:N/A:N
tornado,CVE-2012-2374,CWE-20,2012-05-23T20:55Z,Apache-2.0,,AV:N/AC:L/Au:N/C:N/I:P/A:N
rply,CVE-2014-1938,CWE-59,2019-11-21T15:15Z,BSD-3-Clause,5.5,CVSS:3.1/AV:L/AC:L/PR:L/UI:N/S:U/C:N/I:N/A:H
ansible,CVE-2019-14846,CWE-532,2019-10-08T19:15Z,GPL-3.0-or-later,7.8,CVSS:3.1/AV:L/AC:L/PR:L/UI:N/S:U/C:H/I:H/A:H
django-anymail,CVE-2018-6596,CWE-200,2018-02-03T21:29Z,BSD-3-Clause,9.1,CVSS:3.0/AV:N/AC:L/PR:N/UI:N/S:U/C:H/I:H/A:N
moin,CVE-2017-5934,CWE-79,2018-10-15T19:29Z,GPL-2.0-or-later,6.1,CVSS:3.0/AV:N/AC:L/PR:N/UI:R/S:C/C:L/I:L/A:N
tensorflow-cpu,CVE-2020-26268,CWE-471,2020-12-10T23:15Z,Apache-2.0,4.4,
colander,CVE-2017-18361,CWE-835,2019-02-01T09:29Z,Other,7.5,CVSS:3.0/AV:N/AC:L/PR:N/UI:N/S:U/C:N/I:N/A:H
jupyter-server,CVE-2020-26275,CWE-601,2020-12-21T18:15Z,BSD,6.1,
blazar-dashboard,CVE-2020-26943,CWE-94,2020-10-16T06:15Z,Apache-2.0,9.9,CVSS:3.1/AV:N/AC:L/PR:L/UI:N/S:C/C:H/I:H/A:H
tuf,CVE-2020-6174,CWE-347,2020-02-05T16:15Z,Apache-2.0,9.8,CVSS:3.1/AV:N/AC:L/PR:N/UI:N/S:U/C:H/I:H/A:H
pycrypto,CVE-2018-6594,CWE-326,2018-02-03T15:29Z,Other,7.5,CVSS:3.0/AV:N/AC:L/PR:N/UI:N/S:U/C:H/I:N/A:N
Plone,CVE-2012-6661,CWE-310,2014-11-03T22:55Z,GPL-2.0-only,,AV:N/AC:L/Au:N/C:P/I:N/A:N
feedparser,CVE-2011-1156,CWE-399,2011-04-11T18:55Z,Other,,AV:N/AC:L/Au:N/C:N/I:N/A:P
sopel-plugins.channelmgnt,CVE-2021-21431,CWE-20,2021-04-09T15:42:40Z,EFL-2.0,7.6,CVSS:3.1/AV:A/AC:L/PR:H/UI:R/S:C/C:N/I:H/A:H
bitty,CVE-2016-10561,CWE-22,2018-05-31T20:29Z,BSD-3-Clause,5.3,CVSS:3.0/AV:N/AC:L/PR:N/UI:N/S:U/C:L/I:N/A:N
feedgen,CVE-2020-5227,CWE-776,2020-01-28T23:15Z,BSD-2-Clause,7.5,CVSS:3.1/AV:N/AC:L/PR:N/UI:N/S:U/C:N/I:N/A:H
django,CVE-2015-5143,CWE-399,2015-07-14T17:59Z,BSD-3-Clause,,AV:N/AC:L/Au:N/C:N/I:N/A:C
keyring,CVE-2012-5577,CWE-276,2011-11-28T22:55Z,MIT,7.5,AV:N/AC:L/PR:N/UI:N/S:U/C:H/I:N/A:N
plone.app.event,CVE-2020-28735,CWE-918,2020-12-30T19:15Z,GPL-2.0-only,8.8,CVSS:3.1/AV:N/AC:L/PR:L/UI:N/S:U/C:H/I:H/A:H
ansible,CVE-2016-8628,CWE-77,2018-07-31T20:29Z,GPL-3.0-or-later,9.1,CVSS:3.0/AV:N/AC:L/PR:H/UI:N/S:C/C:H/I:H/A:H
ansible,CVE-2021-3447,CWE-532,2021-04-01T18:15Z,GPL-3.0-or-later,5.0,
pillow,CVE-2016-2533,CWE-119,2016-04-13T16:59Z,HPND,6.5,CVSS:3.0/AV:N/AC:L/PR:N/UI:R/S:U/C:N/I:N/A:H
pyspark,CVE-2018-11760,CWE-520,2019-02-04T17:29Z,Apache-2.0,5.5,CVSS:3.0/AV:L/AC:L/PR:L/UI:N/S:U/C:N/I:H/A:N
django,CVE-2019-12308,CWE-79,2019-06-03T17:29Z,BSD-3-Clause,6.1,CVSS:3.0/AV:N/AC:L/PR:N/UI:R/S:C/C:L/I:L/A:N
mlalchemy,CVE-2017-16615,CWE-94,2017-11-08T03:29Z,MIT,9.8,CVSS:3.0/AV:N/AC:L/PR:N/UI:N/S:U/C:H/I:H/A:H
flask,CVE-2018-1000656,CWE-20,2018-08-20T19:31Z,BSD-3-Clause,7.5,CVSS:3.0/AV:N/AC:L/PR:N/UI:N/S:U/C:N/I:N/A:H
bleach,CVE-2018-7753,CWE-20,2018-03-07T23:29Z,Apache-2.0,9.8,CVSS:3.0/AV:N/AC:L/PR:N/UI:N/S:U/C:H/I:H/A:H
django,CVE-2019-14233,CWE-20,2019-08-02T15:15Z,BSD-3-Clause,7.5,CVSS:3.0/AV:N/AC:L/PR:N/UI:N/S:U/C:N/I:N/A:H
Plone,CVE-2012-5489,CWE-264,2014-09-30T14:55Z,GPL-2.0-only,,AV:N/AC:L/Au:S/C:P/I:P/A:P
lxml,CVE-2014-3146,NVD-CWE-Other,2014-05-14T19:55Z,BSD-3-Clause,,AV:N/AC:M/Au:N/C:N/I:P/A:N
ipython,CVE-2015-7337,CWE-20,2015-09-29T19:59Z,BSD-3-Clause,,AV:N/AC:M/Au:N/C:P/I:P/A:P
ansible,CVE-2020-1734,CWE-78,2020-03-03T22:15Z,GPL-3.0-or-later,7.4,CVSS:3.1/AV:L/AC:H/PR:L/UI:R/S:C/C:H/I:H/A:L
graphite-web,CVE-2017-18638,CWE-918,2019-10-11T23:15Z,Apache-2.0,7.5,CVSS:3.1/AV:N/AC:L/PR:N/UI:N/S:U/C:H/I:N/A:N
mailman,CVE-2015-2775,CWE-22,2015-04-13T14:59Z,GPL-3.0-only,,AV:N/AC:H/Au:N/C:C/I:C/A:C
mailman,CVE-2018-5950,CWE-79,2018-01-23T16:29Z,GPL-3.0-only,6.1,CVSS:3.0/AV:N/AC:L/PR:N/UI:R/S:C/C:L/I:L/A:N
rope,CVE-2014-3539,CWE-254,2018-04-06T16:29Z,LGPL-3.0-or-later,9.8,CVSS:3.0/AV:N/AC:L/PR:N/UI:N/S:U/C:H/I:H/A:H
django,CVE-2012-3442,CWE-79,2012-07-31T17:55Z,BSD-3-Clause,,AV:N/AC:M/Au:N/C:N/I:P/A:N
tlslite,CVE-2015-3220,CWE-119,2017-06-13T16:29Z,BSD-3-Clause,7.5,CVSS:3.0/AV:N/AC:L/PR:N/UI:N/S:U/C:N/I:N/A:H
webargs,CVE-2019-9710,CWE-362,2019-03-12T02:29Z,MIT,8.1,CVSS:3.0/AV:N/AC:H/PR:N/UI:N/S:U/C:H/I:H/A:H
Twisted,CVE-2020-10109,CWE-20,2020-03-12T13:15Z,MIT,9.8,CVSS:3.1/AV:N/AC:L/PR:N/UI:N/S:U/C:H/I:H/A:H
ansible,CVE-2020-10684,CWE-94,2020-03-24T14:15Z,GPL-3.0-or-later,7.1,CVSS:3.1/AV:L/AC:L/PR:L/UI:N/S:U/C:N/I:H/A:H
tensorflow,CVE-2020-15200,CWE-20,2020-09-25T19:15Z,Apache-2.0,5.9,CVSS:3.1/AV:N/AC:H/PR:N/UI:N/S:U/C:N/I:N/A:H
uvicorn,CVE-2020-7695,CWE-74,2020-07-27T12:15Z,BSD-3-Clause,7.5,CVSS:3.1/AV:N/AC:L/PR:N/UI:N/S:U/C:N/I:H/A:N
django,CVE-2020-24583,CWE-276,2020-09-01T13:15Z,BSD-3-Clause,7.5,CVSS:3.1/AV:N/AC:L/PR:N/UI:N/S:U/C:H/I:N/A:N
celery,CVE-2011-4356,CWE-264,2011-12-05T11:55Z,BSD-3-Clause,,AV:L/AC:M/Au:N/C:C/I:C/A:C
plone.supermodel,CVE-2020-28735,CWE-918,2020-12-30T19:15Z,BSD-3-Clause,8.8,CVSS:3.1/AV:N/AC:L/PR:L/UI:N/S:U/C:H/I:H/A:H
tensorflow,CVE-2020-15191,CWE-20,2020-09-25T19:15Z,Apache-2.0,5.3,CVSS:3.1/AV:N/AC:L/PR:N/UI:N/S:U/C:N/I:N/A:L
django-debug-toolbar,CVE-2021-30459,CWE-89,2021-04-14T18:15Z,BSD-3-Clause,8.2,CVSS:3.1/AV:N/AC:L/PR:N/UI:N/S:U/C:H/I:L/A:N/E:U/RL:O/RC:R
wagtail-2fa,CVE-2019-16766,CWE-304,2019-11-29T17:15Z,MIT,8.8,CVSS:3.1/AV:N/AC:L/PR:L/UI:N/S:U/C:H/I:H/A:H
matrix-synapse,CVE-2020-26257,CWE-79,2020-12-09T19:15Z,Apache-2.0,6.5,CVSS:3.1/AV:N/AC:L/PR:L/UI:N/S:U/C:N/I:N/A:H
ansible,CVE-2015-3908,CWE-345,2015-08-12T14:59Z,GPL-3.0-or-later,,AV:N/AC:M/Au:N/C:N/I:P/A:N
pygresql,CVE-2009-2940,NVD-CWE-Other,2009-10-22T16:30Z,PostgreSQL,,AV:N/AC:L/Au:N/C:P/I:P/A:P
Zope2,CVE-2012-5507,CWE-362,2014-09-30T14:55Z,ZPL-2.1,,AV:N/AC:M/Au:N/C:P/I:N/A:N
bleach,CVE-2020-6816,CWE-79,2020-03-24T22:15Z,Apache-2.0,6.1,CVSS:3.1/AV:N/AC:L/PR:N/UI:R/S:C/C:L/I:L/A:N
py-mini-racer,CVE-2020-25489,CWE-787,2020-09-17T18:15Z,ISC,9.8,CVSS:3.1/AV:N/AC:L/PR:N/UI:N/S:U/C:H/I:H/A:H
django,CVE-2020-9402,CWE-89,2020-03-05T15:15Z,BSD-3-Clause,8.8,CVSS:3.1/AV:N/AC:L/PR:L/UI:N/S:U/C:H/I:H/A:H
clickhouse-driver,CVE-2020-26759,CWE-120,2021-01-06T13:15Z,MIT,9.8,CVSS:3.1/AV:N/AC:L/PR:N/UI:N/S:U/C:H/I:H/A:H
django,CVE-2019-12781,CWE-20,2019-07-01T14:15Z,BSD-3-Clause,5.3,CVSS:3.0/AV:N/AC:L/PR:N/UI:N/S:U/C:L/I:N/A:N
django,CVE-2013-1443,CWE-287,2013-09-23T20:55Z,BSD-3-Clause,,AV:N/AC:L/Au:N/C:N/I:N/A:P
sopel-modules.weather,GHSA-63rq-p8fp-524q,CWE-200,2021-04-13T15:12:06Z,MIT,5.3,CVSS:3.1/AV:N/AC:L/PR:N/UI:N/S:U/C:L/I:N/A:N
jinja2,CVE-2019-10906,CWE-265,2019-04-07T00:29Z,BSD-3-Clause,8.6,CVSS:3.0/AV:N/AC:L/PR:N/UI:N/S:C/C:H/I:N/A:N
telnet,,CAPEC-630,2017-09-09T22:00Z,Not Applicable,,
pillow,CVE-2020-5313,CWE-125,2020-01-03T01:15Z,HPND,7.1,CVSS:3.1/AV:N/AC:L/PR:N/UI:R/S:U/C:L/I:N/A:H
moin,CVE-2020-25074,CWE-22,2020-11-10T17:15Z,GPL-2.0-or-later,9.8,CVSS:3.1/AV:N/AC:L/PR:N/UI:N/S:U/C:H/I:H/A:H
django,CVE-2010-3082,CWE-79,2010-09-14T19:00Z,BSD-3-Clause,,AV:N/AC:M/Au:N/C:N/I:P/A:N
superset,CVE-2018-8021,CWE-502,2018-11-07T14:29Z,Apache-2.0,9.8,CVSS:3.0/AV:N/AC:L/PR:N/UI:N/S:U/C:H/I:H/A:H
splunk-sdk,CVE-2019-5729,CWE-295,2019-03-21T16:01Z,Apache-2.0,8.1,CVSS:3.0/AV:N/AC:H/PR:N/UI:N/S:U/C:H/I:H/A:H
pillow,CVE-2014-3598,CWE-399,2015-05-01T15:59Z,HPND,,AV:N/AC:L/Au:N/C:N/I:N/A:P
Plone,CVE-2012-5503,CWE-200,2014-09-30T14:55Z,GPL-2.0-only,,AV:N/AC:L/Au:N/C:P/I:N/A:N
tensorflow,CVE-2018-7575,CWE-190,2019-04-24T21:29Z,Apache-2.0,9.8,CVSS:3.0/AV:N/AC:L/PR:N/UI:N/S:U/C:H/I:H/A:H
django-piston,CVE-2011-4103,CWE-20,2014-10-27T01:55Z,BSD-3-Clause,,AV:N/AC:L/Au:N/C:P/I:P/A:P
django,CVE-2019-19118,CWE-276,2019-12-02T14:15Z,BSD-3-Clause,6.5,CVSS:3.1/AV:N/AC:L/PR:L/UI:N/S:U/C:N/I:H/A:N
docutils,CVE-2009-5042,CWE-668,2019-10-31T16:15Z,Other,9.1,CVSS:3.1/AV:N/AC:L/PR:N/UI:N/S:U/C:H/I:H/A:N
tornado,CVE-2013-2099,CWE-399,2013-10-09T14:53Z,Apache-2.0,,AV:N/AC:M/Au:N/C:N/I:N/A:P
PyInstaller,CVE-2019-16784,CWE-732,2020-01-14T20:15Z,GPL-2.0-or-later,7.8,CVSS:3.1/AV:L/AC:L/PR:L/UI:N/S:U/C:H/I:H/A:H
eve,CVE-2018-8097,CWE-94,2018-03-14T12:29Z,BSD-3-Clause,9.8,CVSS:3.0/AV:N/AC:L/PR:N/UI:N/S:U/C:H/I:H/A:H
django,CVE-2020-7471,CWE-89,2020-02-03T12:15Z,BSD-3-Clause,9.8,CVSS:3.1/AV:N/AC:L/PR:N/UI:N/S:U/C:H/I:H/A:H
python-keystoneclient,CVE-2013-2013,CWE-200,2013-10-01T20:55Z,Apache-2.0,,AV:L/AC:L/Au:N/C:P/I:N/A:N
rsa,CVE-2016-1494,CWE-20,2016-01-13T15:59Z,Apache-2.0,5.3,CVSS:3.0/AV:N/AC:L/PR:N/UI:N/S:U/C:N/I:L/A:N
ansible,CVE-2020-1738,CWE-88,2020-03-16T16:15Z,GPL-3.0-or-later,3.9,CVSS:3.1/AV:L/AC:H/PR:L/UI:R/S:C/C:N/I:L/A:L
Plone,CVE-2020-28736,CWE-611,2020-12-30T19:15Z,GPL-2.0-only,8.8,CVSS:3.1/AV:N/AC:L/PR:L/UI:N/S:U/C:H/I:H/A:H
kotti,CVE-2018-9856,CWE-352,2018-04-09T07:29Z,Other,8.8,CVSS:3.0/AV:N/AC:L/PR:N/UI:R/S:U/C:H/I:H/A:H
Products.PluggableAuthService,CVE-2021-21336,CWE-200,2021-03-08T21:15Z,ZPL-2.1,6.5,CVSS:3.1/AV:N/AC:L/PR:L/UI:N/S:U/C:H/I:N/A:N
pyyaml,CVE-2017-18342,CWE-502,2018-06-27T12:29Z,MIT,9.8,CVSS:3.1/AV:N/AC:L/PR:N/UI:N/S:U/C:H/I:H/A:H
tensorflow-cpu,CVE-2020-15197,CWE-20,2020-09-25T19:15Z,Apache-2.0,6.3,CVSS:3.1/AV:N/AC:H/PR:L/UI:N/S:C/C:N/I:N/A:H
tensorflow-gpu,CVE-2020-15200,CWE-20,2020-09-25T19:15Z,Apache-2.0,5.9,CVSS:3.1/AV:N/AC:H/PR:N/UI:N/S:U/C:N/I:N/A:H
safety,CVE-2020-5252,CWE-807,2020-03-23T23:15Z,MIT,4.1,CVSS:3.1/AV:L/AC:H/PR:H/UI:N/S:U/C:N/I:H/A:N
urllib3,CVE-2019-11236,CWE-93,2019-04-15T15:29Z,MIT,6.1,CVSS:3.0/AV:N/AC:L/PR:N/UI:R/S:C/C:L/I:L/A:N
python-swiftclient,CVE-2013-6396,CWE-310,2014-02-18T19:55Z,Apache-2.0,,AV:N/AC:M/Au:N/C:P/I:P/A:N
luigi,CVE-2018-1000843,CWE-352,2018-12-20T15:29Z,Apache-2.0,8.8,CVSS:3.0/AV:N/AC:L/PR:N/UI:R/S:U/C:H/I:H/A:H
apache-airflow,CVE-2018-20245,CWE-295,2019-01-23T17:29Z,Apache-2.0,7.5,CVSS:3.0/AV:N/AC:L/PR:N/UI:N/S:U/C:N/I:H/A:N
django,CVE-2017-12794,CWE-79,2017-09-07T13:29Z,BSD-3-Clause,6.1,CVSS:3.0/AV:N/AC:L/PR:N/UI:R/S:C/C:L/I:L/A:N
salt,CVE-2020-11651,CWE-20,2020-04-30T17:15Z,Apache-2.0,9.8,CVSS:3.1/AV:N/AC:L/PR:N/UI:N/S:U/C:H/I:H/A:H
tensorflow-gpu,CVE-2020-15191,CWE-20,2020-09-25T19:15Z,Apache-2.0,5.3,CVSS:3.1/AV:N/AC:L/PR:N/UI:N/S:U/C:N/I:N/A:L
tensorflow-cpu,CVE-2020-15206,CWE-20,2020-09-25T19:15Z,Apache-2.0,7.5,CVSS:3.1/AV:N/AC:L/PR:N/UI:N/S:U/C:N/I:N/A:H
twisted,CVE-2019-12855,CWE-295,2019-06-16T12:29Z,MIT,7.4,CVSS:3.0/AV:N/AC:H/PR:N/UI:N/S:U/C:H/I:H/A:N
graphite-web,CVE-2013-5942,CWE-94,2013-09-27T10:08Z,Apache-2.0,,AV:N/AC:M/Au:N/C:P/I:P/A:P
urllib3,CVE-2019-11324,CWE-295,2019-04-18T21:29Z,MIT,7.5,CVSS:3.0/AV:N/AC:L/PR:N/UI:N/S:U/C:N/I:H/A:N
python-gnupg,CVE-2014-1929,CWE-20,2014-10-25T21:55Z,Other,,AV:L/AC:M/Au:N/C:P/I:P/A:P
tensorflow-cpu,CVE-2020-26267,CWE-125,2020-12-10T23:15Z,Apache-2.0,7.8,
plone.app.dexterity,CVE-2020-28734,CWE-611,2020-12-30T19:15Z,GPL-1.0-only,8.8,CVSS:3.1/AV:N/AC:L/PR:L/UI:N/S:U/C:H/I:H/A:H
qutebrowser,CVE-2018-10895,CWE-352,2018-07-12T12:29Z,GPL-3.0-only,8.8,CVSS:3.0/AV:N/AC:L/PR:N/UI:R/S:U/C:H/I:H/A:H
easyinstall,,CAPEC-630,2018-10-12T00:00Z,Not Applicable,,
bottle,CVE-2020-28473,CWE-444,2021-01-18T12:15Z,MIT,6.8,CVSS:3.1/AV:N/AC:H/PR:N/UI:R/S:U/C:N/I:H/A:H
django,CVE-2012-4520,CWE-20,2012-11-18T23:55Z,BSD-3-Clause,,AV:N/AC:L/Au:N/C:P/I:P/A:N
vyper,GHSA-375m-5fvv-xq23,CWE-787,2021-04-19T15:11:54Z,Apache-2.0,4.8,CVSS:3.1/AV:N/AC:H/PR:N/UI:N/S:U/C:N/I:L/A:L
CoAPthon3,CVE-2018-12679,CWE-502,2019-04-02T19:29Z,MIT,7.5,CVSS:3.0/AV:N/AC:L/PR:N/UI:N/S:U/C:N/I:N/A:H
flask-oidc,CVE-2016-1000001,CWE-601,2016-10-07T18:59Z,BSD-2-Clause,7.4,CVSS:3.0/AV:N/AC:L/PR:N/UI:R/S:C/C:N/I:H/A:N
apache-airflow,CVE-2019-0229,CWE-352,2019-04-10T20:29Z,Apache-2.0,8.8,CVSS:3.0/AV:N/AC:L/PR:N/UI:R/S:U/C:H/I:H/A:H
ansible,CVE-2020-1740,CWE-200,2020-03-16T16:15Z,GPL-3.0-or-later,4.7,CVSS:3.1/AV:L/AC:H/PR:L/UI:N/S:U/C:H/I:N/A:N
ansible,CVE-2013-2233,CWE-320,2018-05-04T20:29Z,GPL-3.0-or-later,7.4,CVSS:3.0/AV:N/AC:H/PR:N/UI:N/S:U/C:H/I:H/A:N
pkgutil,,CAPEC-630,2018-10-12T00:00Z,Not Applicable,,
keyring,CVE-2012-5578,CWE-276,2011-11-28T22:55Z,MIT,7.5,AV:N/AC:L/PR:N/UI:N/S:U/C:H/I:N/A:N
pillow,CVE-2020-5310,CWE-190,2020-01-03T01:15Z,HPND,8.8,CVSS:3.1/AV:N/AC:L/PR:N/UI:R/S:U/C:H/I:H/A:H
defusedexpat,CVE-2013-1665,CWE-200,2013-04-03T00:55Z,PSF-2.0,,AV:N/AC:L/Au:N/C:P/I:N/A:N
tlslite-ng,CVE-2018-1000159,CWE-354,2018-04-18T19:29Z,LGPL-2.0-only,5.9,CVSS:3.0/AV:N/AC:H/PR:N/UI:N/S:U/C:N/I:H/A:N
tensorflow-cpu,CVE-2020-26271,CWE-125,2020-12-10T22:15Z,Apache-2.0,3.3,
jupyterhub-systemdspawner,CVE-2020-26261,CWE-668,2020-12-09T17:15Z,BSD-3-Clause,7.9,CVSS:3.1/AV:L/AC:L/PR:L/UI:R/S:C/C:H/I:H/A:N
personnummer,GHSA-rxq3-5249-8hgg,CWE-20,2020-09-09T17:29:41Z,MIT,,
tensorflow,CVE-2018-7576,CWE-476,2019-04-23T21:29Z,Apache-2.0,6.5,CVSS:3.0/AV:N/AC:L/PR:N/UI:R/S:U/C:N/I:N/A:H
datasette-graphql,GHSA-74hv-qjjq-h7g5,CWE-200,2020-11-24T22:59:08Z,Apache-2.0,,
cryptography,CVE-2018-10903,CWE-20,2018-07-30T16:29Z,Apache-2.0,7.5,CVSS:3.0/AV:N/AC:L/PR:N/UI:N/S:U/C:H/I:N/A:N
ironic-discoverd,CVE-2015-5306,CWE-254,2015-11-25T20:59Z,Apache-2.0,,AV:N/AC:M/Au:N/C:P/I:P/A:P
hpack,CVE-2016-6581,CWE-399,2017-01-10T15:59Z,MIT,7.5,CVSS:3.0/AV:N/AC:L/PR:N/UI:N/S:U/C:N/I:N/A:H
pwd,,CAPEC-630,2017-09-09T22:00Z,Not Applicable,,
Plone,CVE-2020-28735,CWE-918,2020-12-30T19:15Z,GPL-2.0-only,8.8,CVSS:3.1/AV:N/AC:L/PR:L/UI:N/S:U/C:H/I:H/A:H
zope2,CVE-2012-5494,CWE-79,2014-09-30T14:55Z,ZPL-2.1,,AV:N/AC:M/Au:N/C:N/I:P/A:N
Red-DiscordBot,CVE-2020-15147,CWE-94,2020-08-21T18:15Z,GPL-3.0-only,8.5,CVSS:3.1/AV:N/AC:H/PR:L/UI:N/S:C/C:H/I:H/A:H
indico,CVE-2021-30185,CWE-601,2021-04-07T14:15Z,MIT,5.4,CVSS:3.1/AV:N/AC:L/PR:N/UI:R/S:U/C:L/I:L/A:N
tensorflow-cpu,CVE-2019-16778,CWE-787,2019-12-16T21:15Z,Apache-2.0,9.8,CVSS:3.1/AV:N/AC:L/PR:N/UI:N/S:U/C:H/I:H/A:H
rsa,CVE-2020-13757,CWE-327,2020-06-01T19:15Z,Apache-2.0,7.5,CVSS:3.1/AV:N/AC:L/PR:N/UI:N/S:U/C:H/I:N/A:N
feedparser,CVE-2012-2921,CWE-399,2012-05-21T22:55Z,Other,,AV:N/AC:L/Au:N/C:N/I:N/A:P
ansible,CVE-2018-10875,CWE-426,2018-07-13T22:29Z,GPL-3.0-only,9.8,CVSS:3.0/AV:N/AC:L/PR:N/UI:N/S:U/C:H/I:H/A:H
Plone,CVE-2012-5486,NVD-CWE-Other,2014-09-30T14:55Z,GPL-2.0-only,,AV:N/AC:L/Au:N/C:N/I:P/A:P
pillow,CVE-2020-35655,CWE-125,2021-01-12T09:15Z,HPND,8.1,CVSS:3.1/AV:N/AC:L/PR:N/UI:R/S:U/C:H/I:N/A:H
mailman,CVE-2018-0618,CWE-79,2018-07-26T17:29Z,GPL-3.0-only,5.4,CVSS:3.0/AV:N/AC:L/PR:L/UI:R/S:C/C:L/I:L/A:N
httpie,CVE-2019-10751,CWE-601,2019-08-23T17:15Z,BSD-3-Clause,8.8,CVSS:3.0/AV:N/AC:L/PR:N/UI:R/S:U/C:H/I:H/A:H
tensorflow-cpu,CVE-2020-15194,CWE-20,2020-09-25T19:15Z,Apache-2.0,5.3,CVSS:3.1/AV:N/AC:L/PR:N/UI:N/S:U/C:N/I:N/A:L
tensorflow-gpu,CVE-2020-15203,CWE-20,2020-09-25T19:15Z,Apache-2.0,7.5,CVSS:3.1/AV:N/AC:L/PR:N/UI:N/S:U/C:N/I:N/A:H
bitlyshortener,GHSA-r82c-j4mq-5xfw,Not Available,2020-10-27T19:19:56Z,GPL-3.0-only,,
django,CVE-2018-16984,CWE-522,2018-10-02T18:29Z,BSD-3-Clause,4.9,CVSS:3.0/AV:N/AC:L/PR:H/UI:N/S:U/C:H/I:N/A:N
ansible,CVE-2019-14864,CWE-532,2020-01-02T15:15Z,GPL-3.0-or-later,6.5,CVSS:3.1/AV:N/AC:L/PR:L/UI:N/S:U/C:H/I:N/A:N
colourama,,CAPEC-630,2018-10-20T00:00Z,Not Applicable,,
ansible,CVE-2020-14365,CWE-347,2020-09-23T13:15Z,GPL-3.0-or-later,7.1,CVSS:3.1/AV:L/AC:L/PR:L/UI:N/S:U/C:N/I:H/A:H
CoAPthon,CVE-2018-12680,CWE-502,2019-04-02T20:29Z,MIT,7.5,CVSS:3.0/AV:N/AC:L/PR:N/UI:N/S:U/C:N/I:N/A:H
roundup,CVE-2012-6130,CWE-79,2014-04-11T15:55Z,MIT,,AV:N/AC:M/Au:N/C:N/I:P/A:N
pillow,CVE-2014-1932,CWE-59,2014-04-17T14:55Z,HPND,,AV:L/AC:M/Au:N/C:P/I:P/A:P
waitress,GHSA-4ppp-gpcr-7qf6,CWE-400,2019-12-20T23:04:35Z,ZPL-2.1,,
tensorflow-gpu,CVE-2020-15192,CWE-20,2020-09-25T19:15Z,Apache-2.0,4.3,CVSS:3.1/AV:N/AC:L/PR:L/UI:N/S:U/C:N/I:N/A:L
tensorflow-cpu,CVE-2020-15205,CWE-119,2020-09-25T19:15Z,Apache-2.0,9.8,CVSS:3.1/AV:N/AC:L/PR:N/UI:N/S:U/C:H/I:H/A:H
clamav,CVE-2005-1923,NVD-CWE-Other,2005-07-05T04:00Z,BSD-3-Clause,,AV:N/AC:H/Au:N/C:N/I:N/A:P
matrix-synapse,CVE-2021-21392,CWE-601,2021-04-12T22:15Z,Apache-2.0,6.3,CVSS:3.1/AV:N/AC:L/PR:L/UI:R/S:U/C:L/I:H/A:N
python-keystoneclient,CVE-2015-7546,CWE-254,2016-02-03T18:59Z,Apache-2.0,7.5,CVSS:3.0/AV:N/AC:H/PR:L/UI:N/S:U/C:H/I:H/A:H
ecdsa,CVE-2019-14859,CWE-347,2020-01-02T15:15Z,MIT,9.1,CVSS:3.1/AV:N/AC:L/PR:N/UI:N/S:U/C:H/I:H/A:N
indico,GHSA-67cx-rhhq-mfhq,CWE-200,2019-10-11T18:28:07Z,MIT,,
django,CVE-2018-7537,CWE-185,2018-03-09T20:29Z,BSD-3-Clause,5.3,CVSS:3.0/AV:N/AC:L/PR:N/UI:N/S:U/C:N/I:N/A:L
pypiserver,CVE-2019-6802,CWE-93,2019-01-25T04:29Z,MIT,6.1,CVSS:3.0/AV:N/AC:L/PR:N/UI:R/S:C/C:L/I:L/A:N
psd-tools,CVE-2020-10571,CWE-754,2020-03-14T18:15Z,MIT,9.8,CVSS:3.1/AV:N/AC:L/PR:N/UI:N/S:U/C:H/I:H/A:H
djanga,,CAPEC-630,2018-10-12T00:00Z,Not Applicable,,
plone,CVE-2017-1000484,CWE-601,2018-01-03T20:29Z,GPL-2.0-only,6.1,CVSS:3.0/AV:N/AC:L/PR:N/UI:R/S:C/C:L/I:L/A:N
eyeD3,CVE-2014-1934,CWE-59,2014-05-08T14:29Z,GPL-3.0-only,,AV:L/AC:M/Au:N/C:N/I:P/A:P
aubio,CVE-2018-19800,CWE-119,2019-06-07T17:29Z,GPL-3.0-or-later,9.8,CVSS:3.0/AV:N/AC:L/PR:N/UI:N/S:U/C:H/I:H/A:H
postfix-mta-sts-resolver,CVE-2019-16791,NVD-CWE-Other,2020-01-22T02:15Z,MIT,5.9,CVSS:3.1/AV:N/AC:H/PR:N/UI:N/S:U/C:N/I:N/A:H
jinja2,CVE-2014-1402,CWE-264,2014-05-19T14:55Z,BSD-3-Clause,,AV:L/AC:M/Au:N/C:P/I:P/A:P
waitress,CVE-2020-5236,CWE-400,2020-02-04T03:15Z,ZPL-2.1,6.5,CVSS:3.1/AV:N/AC:L/PR:L/UI:N/S:U/C:N/I:N/A:H
plone.app.event,CVE-2020-28736,CWE-611,2020-12-30T19:15Z,GPL-2.0-only,8.8,CVSS:3.1/AV:N/AC:L/PR:L/UI:N/S:U/C:H/I:H/A:H
flower,CVE-2017-14483,CWE-284,2017-09-15T10:29Z,BSD-3-Clause,5.5,CVSS:3.0/AV:L/AC:L/PR:L/UI:N/S:U/C:N/I:N/A:H
ansible,CVE-2018-10855,CWE-532,2018-07-03T01:29Z,GPL-3.0-or-later,5.9,CVSS:3.1/AV:N/AC:H/PR:N/UI:N/S:U/C:H/I:N/A:N
fedmsg,CVE-2017-1000001,CWE-20,2017-07-17T13:18Z,LGPL-2.1-or-later,7.5,CVSS:3.0/AV:N/AC:L/PR:N/UI:N/S:U/C:N/I:H/A:N
Plone,CVE-2011-0720,CWE-264,2011-07-19T20:55Z,GPL-2.0-only,,AV:N/AC:L/Au:N/C:P/I:P/A:P
py-evm,CVE-2018-18920,CWE-119,2018-11-12T02:29Z,MIT,8.8,CVSS:3.0/AV:N/AC:L/PR:N/UI:R/S:U/C:H/I:H/A:H
react-adal,CVE-2020-7787,,2020-12-09T17:15Z,,8.2,CVSS:3.1/AV:N/AC:L/PR:N/UI:N/S:U/C:H/I:L/A:N
parso,CVE-2019-12760,CWE-502,2019-06-06T19:29Z,MIT,7.5,CVSS:3.0/AV:N/AC:H/PR:L/UI:N/S:U/C:H/I:H/A:H
django-anymail,CVE-2018-1000089,CWE-532,2018-03-13T15:29Z,BSD-3-Clause,7.4,CVSS:3.0/AV:N/AC:H/PR:N/UI:N/S:U/C:H/I:H/A:N
Products.PasswordResetTool,CVE-2011-1948,CWE-79,2011-06-06T19:55Z,GPL-1.0-only,,AV:N/AC:M/Au:N/C:N/I:P/A:N
python-gnupg,CVE-2019-6690,CWE-20,2019-03-21T16:01Z,Other,7.5,CVSS:3.0/AV:N/AC:L/PR:N/UI:N/S:U/C:N/I:H/A:N
ansible,CVE-2020-1737,CWE-22,2020-03-09T16:15Z,GPL-3.0-or-later,7.8,CVSS:3.1/AV:L/AC:L/PR:L/UI:N/S:U/C:H/I:H/A:H
ansible,CVE-2019-10217,CWE-200,2019-11-25T16:15Z,GPL-3.0-or-later,6.5,CVSS:3.1/AV:N/AC:L/PR:L/UI:N/S:U/C:H/I:N/A:N
ansible,CVE-2020-10691,CWE-22,2020-04-30T17:15Z,GPL-3.0-or-later,5.2,CVSS:3.1/AV:L/AC:L/PR:L/UI:N/S:C/C:N/I:L/A:L
invenio-records,CVE-2019-1020003,CWE-79,2019-07-29T15:15Z,MIT,5.4,CVSS:3.0/AV:N/AC:L/PR:L/UI:R/S:C/C:L/I:L/A:N
jinja2,CVE-2014-0012,CWE-264,2014-05-19T14:55Z,BSD-3-Clause,,AV:L/AC:M/Au:N/C:P/I:P/A:P
notebook,CVE-2018-21030,CWE-79,2019-10-31T15:15Z,BSD-3-Clause,5.3,CVSS:3.1/AV:N/AC:L/PR:N/UI:N/S:U/C:N/I:L/A:N
recurly,CVE-2017-0906,CWE-918,2017-11-13T17:29Z,MIT,9.8,CVSS:3.0/AV:N/AC:L/PR:N/UI:N/S:U/C:H/I:H/A:H
tensorflow,CVE-2020-15203,CWE-20,2020-09-25T19:15Z,Apache-2.0,7.5,CVSS:3.1/AV:N/AC:L/PR:N/UI:N/S:U/C:N/I:N/A:H
tensorflow-cpu,CVE-2020-15198,CWE-119,2020-09-25T19:15Z,Apache-2.0,5.4,CVSS:3.1/AV:N/AC:H/PR:N/UI:N/S:C/C:L/I:L/A:N
tensorflow,CVE-2020-15192,CWE-20,2020-09-25T19:15Z,Apache-2.0,4.3,CVSS:3.1/AV:N/AC:L/PR:L/UI:N/S:U/C:N/I:N/A:L
matrix-synapse,CVE-2020-26891,CWE-79,2020-10-19T17:15Z,Apache-2.0,6.1,CVSS:3.1/AV:N/AC:L/PR:N/UI:R/S:C/C:L/I:L/A:N
tensorflow-cpu,CVE-2020-15209,CWE-476,2020-09-25T19:15Z,Apache-2.0,5.9,CVSS:3.1/AV:N/AC:H/PR:N/UI:N/S:U/C:N/I:N/A:H
urllib,,CAPEC-630,2017-09-09T22:00Z,Not Applicable,,
plone.supermodel,CVE-2020-28736,CWE-611,2020-12-30T19:15Z,BSD-3-Clause,8.8,CVSS:3.1/AV:N/AC:L/PR:L/UI:N/S:U/C:H/I:H/A:H
python3-saml,CVE-2017-11427,CWE-287,2019-04-17T14:29Z,MIT,9.8,CVSS:3.0/AV:N/AC:L/PR:N/UI:N/S:U/C:H/I:H/A:H
invenio-previewer,CVE-2019-1020019,CWE-79,2019-07-29T14:15Z,MIT,6.1,CVSS:3.0/AV:N/AC:L/PR:N/UI:R/S:C/C:L/I:L/A:N
pysaml2,CVE-2017-1000246,CWE-330,2017-11-17T04:29Z,Apache-2.0,5.3,CVSS:3.0/AV:N/AC:L/PR:N/UI:N/S:U/C:L/I:N/A:N
alerta-server,CVE-2020-26214,CWE-287,2020-11-06T18:15Z,Apache-2.0,9.8,CVSS:3.1/AV:N/AC:L/PR:N/UI:N/S:U/C:H/I:N/A:N
pip,CVE-2013-1629,CWE-20,2013-08-06T02:52Z,MIT,,AV:N/AC:M/Au:N/C:P/I:P/A:P
requests,CVE-2018-18074,CWE-255,2018-10-09T17:29Z,Apache-2.0,9.8,CVSS:3.0/AV:N/AC:L/PR:N/UI:N/S:U/C:H/I:H/A:H
pyopenssl,CVE-2013-4314,CWE-20,2013-09-30T21:55Z,Apache-2.0,,AV:N/AC:M/Au:N/C:N/I:P/A:N
requests-kerberos,CVE-2014-8650,CWE-287,2019-12-15T22:15Z,ISC,9.8,CVSS:3.1/AV:N/AC:L/PR:N/UI:N/S:U/C:H/I:H/A:H
apache-airflow,CVE-2020-17515,CWE-79,2020-12-11T14:15Z,Apache-2.0,6.1,CVSS:3.1/AV:N/AC:L/PR:N/UI:R/S:C/C:L/I:L/A:N
django,CVE-2018-6188,CWE-200,2018-02-05T03:29Z,BSD-3-Clause,7.5,CVSS:3.0/AV:N/AC:L/PR:N/UI:N/S:U/C:H/I:N/A:N
ceph-iscsi-cli,CVE-2018-14649,CWE-77,2018-10-09T17:29Z,GPL-3.0-only,9.8,CVSS:3.0/AV:N/AC:L/PR:N/UI:N/S:U/C:H/I:H/A:H
tensorflow,CVE-2020-15193,CWE-908,2020-09-25T19:15Z,Apache-2.0,7.1,CVSS:3.1/AV:N/AC:L/PR:L/UI:N/S:U/C:N/I:H/A:L
matrix-synapse,CVE-2020-26890,CVE-400,2020-11-24T03:15Z,Apache-2.0,,
tensorflow-cpu,CVE-2020-15208,CWE-787,2020-09-25T19:15Z,Apache-2.0,9.8,CVSS:3.1/AV:N/AC:L/PR:N/UI:N/S:U/C:H/I:H/A:H
tensorflow-cpu,CVE-2020-5215,CWE-20,2020-01-28T22:15Z,Apache-2.0,7.5,CVSS:3.1/AV:N/AC:L/PR:N/UI:N/S:U/C:N/I:N/A:H
formencode,CVE-2008-6547,CWE-20,2009-03-30T01:30Z,PSF-2.0,,AV:N/AC:L/Au:N/C:P/I:P/A:P
tensorflow,CVE-2020-15202,CWE-754,2020-09-25T19:15Z,Apache-2.0,9.0,CVSS:3.1/AV:N/AC:H/PR:N/UI:N/S:C/C:H/I:H/A:H
ansible,CVE-2016-8647,CWE-20,2018-07-26T14:29Z,GPL-3.0-or-later,4.9,CVSS:3.0/AV:N/AC:L/PR:H/UI:N/S:U/C:N/I:H/A:N
tensorflow-cpu,CVE-2020-15199,CWE-20,2020-09-25T19:15Z,Apache-2.0,5.9,CVSS:3.1/AV:N/AC:H/PR:N/UI:N/S:U/C:N/I:N/A:H
apache-superset,CVE-2020-1932,CWE-200,2020-01-28T01:15Z,Apache-2.0,6.5,CVSS:3.1/AV:N/AC:L/PR:L/UI:N/S:U/C:H/I:N/A:N
urlib3,,CAPEC-630,2017-09-09T22:00Z,Not Applicable,,
tensorflow,CVE-2020-15214,CWE-787,2020-09-25T19:15Z,Apache-2.0,8.1,CVSS:3.1/AV:N/AC:H/PR:N/UI:N/S:C/C:L/I:L/A:H
wagtail-2fa,CVE-2020-5240,CWE-863,2020-03-13T22:15Z,MIT,8.5,CVSS:3.1/AV:N/AC:L/PR:L/UI:N/S:C/C:L/I:H/A:N
red-discordbot,GHSA-mp9m-g7qj-6vqr,CWE-264,2020-10-27T20:30:48Z,GPL-3.0-only,,
notebook,CVE-2019-10856,CWE-601,2019-04-04T16:29Z,BSD-3-Clause,6.1,CVSS:3.0/AV:N/AC:L/PR:N/UI:R/S:C/C:L/I:L/A:N
diffoscope,CVE-2017-0359,CWE-254,2018-04-13T16:29Z,GPL-3.0-or-later,9.8,CVSS:3.1/AV:N/AC:L/PR:N/UI:N/S:U/C:H/I:H/A:H
setuptools,CVE-2013-1633,CWE-20,2013-08-06T02:52Z,MIT,,AV:N/AC:M/Au:N/C:P/I:P/A:P
django-rest-registration,CVE-2019-13177,CWE-347,2019-07-02T22:15Z,MIT,9.8,CVSS:3.0/AV:N/AC:L/PR:N/UI:N/S:U/C:H/I:H/A:H
supybot,CVE-2019-19010,CWE-94,2019-11-16T01:15Z,BSD-3-Clause,9.8,CVSS:3.1/AV:N/AC:L/PR:N/UI:N/S:U/C:H/I:H/A:H
sqla-yaml-fixtures,CVE-2019-3575,CWE-94,2019-01-03T19:29Z,MIT,7.8,CVSS:3.0/AV:L/AC:L/PR:L/UI:N/S:U/C:H/I:H/A:H
mako,CVE-2010-2480,CWE-79,2010-07-02T19:00Z,MIT,,AV:N/AC:M/Au:N/C:N/I:P/A:N
pyyaml,CVE-2020-1747,CWE-20,2020-03-24T15:15Z,MIT,9.8,CVSS:3.1/AV:N/AC:L/PR:N/UI:N/S:U/C:H/I:H/A:H
jupyterhub,CVE-2019-10255,CWE-601,2019-03-28T16:29Z,BSD-3-Clause,6.1,CVSS:3.0/AV:N/AC:L/PR:N/UI:R/S:C/C:L/I:L/A:N
datasette,GHSA-q6j3-c4wc-63vw,CWE-200,2020-08-11T14:54:40Z,Apache-2.0,4.3,
bugzilla,CVE-2013-2191,CWE-20,2014-02-08T00:55Z,MPL-2.0,,AV:N/AC:M/Au:N/C:N/I:P/A:N
aubio,CVE-2018-19801,CWE-476,2019-06-07T17:29Z,GPL-3.0-or-later,7.5,CVSS:3.0/AV:N/AC:L/PR:N/UI:N/S:U/C:N/I:N/A:H
django,CVE-2018-7536,CWE-185,2018-03-09T20:29Z,BSD-3-Clause,5.3,CVSS:3.0/AV:N/AC:L/PR:N/UI:N/S:U/C:N/I:N/A:L
pillow,CVE-2020-10994,CWE-125,2020-06-25T19:15Z,HPND,5.5,CVSS:3.1/AV:L/AC:L/PR:N/UI:R/S:U/C:N/I:N/A:H
apache-superset,CVE-2019-12413,Not Available,2019-12-16T22:15Z,Apache-2.0,5.3,CVSS:3.1/AV:N/AC:L/PR:N/UI:N/S:U/C:L/I:N/A:N
blackduck,CVE-2020-27589,CWE-300,2020-11-06T14:15Z,Apache-2.0,7.3,CVSS:3.1/AV:N/AC:L/PR:N/UI:N/S:U/C:L/I:L/A:L/E:F
apache-airflow,CVE-2021-26559,CWE-269,2021-02-17T15:15Z,Apache-2.0,6.5,CVSS:3.1/AV:N/AC:L/PR:L/UI:N/S:U/C:H/I:N/A:N
ipython,CVE-2014-3429,CWE-94,2014-08-07T11:13Z,BSD-3-Clause,,AV:N/AC:M/Au:N/C:P/I:P/A:P
psutil,CVE-2019-18874,CWE-415,2019-11-12T02:15Z,BSD-3-Clause,7.5,CVSS:3.1/AV:N/AC:L/PR:N/UI:N/S:U/C:N/I:N/A:H
arrow,CVE-2019-11404,CWE-254,2019-04-22T11:29Z,Apache-2.0,5.9,CVSS:3.0/AV:N/AC:H/PR:N/UI:N/S:U/C:H/I:N/A:N
PyYAML,CVE-2020-14343,CWE-20,2021-02-09T21:15Z,MIT,9.8,CVSS:3.1/AV:N/AC:L/PR:N/UI:N/S:U/C:H/I:H/A:H
rply,CVE-2014-1604,NVD-CWE-Other,2014-01-28T00:55Z,BSD-3-Clause,,AV:L/AC:L/Au:N/C:N/I:P/A:N
Zope2,CVE-2010-1104,CWE-79,2010-03-25T17:30Z,ZPL-2.1,,AV:N/AC:M/Au:N/C:N/I:P/A:N
matrix-synapse,CVE-2021-21393,CWE-20,2021-04-12T22:15Z,Apache-2.0,5.3,CVSS:3.1/AV:N/AC:H/PR:L/UI:N/S:U/C:N/I:N/A:H
roundup,CVE-2012-6131,CWE-79,2014-04-11T15:55Z,MIT,,AV:N/AC:M/Au:N/C:N/I:P/A:N
pillow,CVE-2014-1933,CWE-264,2014-04-17T14:55Z,HPND,,AV:L/AC:L/Au:N/C:N/I:P/A:N
tensorflow-gpu,CVE-2020-15193,CWE-908,2020-09-25T19:15Z,Apache-2.0,7.1,CVSS:3.1/AV:N/AC:L/PR:L/UI:N/S:U/C:N/I:H/A:L
pyopenssl,CVE-2018-1000807,CWE-400,2018-10-08T15:29Z,Apache-2.0,5.9,CVSS:3.0/AV:N/AC:H/PR:N/UI:N/S:U/C:N/I:N/A:H
tensorflow-cpu,CVE-2020-15204,CWE-476,2020-09-25T19:15Z,Apache-2.0,5.3,CVSS:3.1/AV:N/AC:L/PR:N/UI:N/S:U/C:N/I:N/A:L
paramiko,CVE-2018-1000805,CWE-732,2018-10-08T15:29Z,LGPL-2.1-only,8.8,CVSS:3.0/AV:N/AC:L/PR:L/UI:N/S:U/C:H/I:H/A:H
paramiko,CVE-2018-7750,CWE-287,2018-03-13T18:29Z,LGPL-2.1-only,9.8,CVSS:3.0/AV:N/AC:L/PR:N/UI:N/S:U/C:H/I:H/A:H
jinja2,CVE-2020-28493,CWE-400,2021-02-01T20:15Z,BSD-3-Clause,5.3,CVSS:3.1/AV:N/AC:L/PR:N/UI:N/S:U/C:N/I:N/A:L
ipython,CVE-2015-5607,CWE-352,2017-09-20T16:29Z,BSD-3-Clause,8.8,CVSS:3.0/AV:N/AC:L/PR:N/UI:R/S:U/C:H/I:H/A:H
pillow,CVE-2020-35654,CWE-787,2021-01-12T09:15Z,HPND,8.8,CVSS:3.1/AV:N/AC:L/PR:N/UI:R/S:U/C:H/I:H/A:H
setup-tools,,CAPEC-630,2017-09-09T22:00Z,Not Applicable,,
tensorflow-cpu,CVE-2020-15195,CWE-119,2020-09-25T19:15Z,Apache-2.0,8.8,CVSS:3.1/AV:N/AC:L/PR:L/UI:N/S:U/C:H/I:H/A:H
tensorflow-gpu,CVE-2020-15202,CWE-754,2020-09-25T19:15Z,Apache-2.0,9.0,CVSS:3.1/AV:N/AC:H/PR:N/UI:N/S:C/C:H/I:H/A:H
ansible,CVE-2018-10874,CWE-20,2018-07-02T13:29Z,GPL-3.0-only,7.8,CVSS:3.0/AV:L/AC:L/PR:L/UI:N/S:U/C:H/I:H/A:H
validators,CVE-2019-19588,CWE-835,2019-12-05T01:15Z,MIT,7.5,CVSS:3.1/AV:N/AC:L/PR:N/UI:N/S:U/C:N/I:N/A:H
aiohttp,CVE-2021-21330,CWE-601,2021-02-26T03:15Z,Apache-2.0,6.1,CVSS:3.1/AV:N/AC:L/PR:N/UI:R/S:C/C:L/I:L/A:N
django,CVE-2020-13596,CWE-79,2020-06-03T14:15Z,BSD-3-Clause,6.1,CVSS:3.1/AV:N/AC:L/PR:N/UI:R/S:C/C:L/I:L/A:N
Plone,CVE-2020-28734,CWE-611,2020-12-30T19:15Z,GPL-2.0-only,8.8,CVSS:3.1/AV:N/AC:L/PR:L/UI:N/S:U/C:H/I:H/A:H
zope2,CVE-2012-5495,CWE-94,2014-09-30T14:55Z,ZPL-2.1,,AV:N/AC:L/Au:N/C:N/I:N/A:P
vyper,GHSA-22wc-c9wj-6q2v,CWE-787,2021-04-19T15:12:05Z,Apache-2.0,5.9,CVSS:3.1/AV:N/AC:H/PR:N/UI:N/S:U/C:N/I:N/A:H
papermerge,CVE-2020-29456,CWE-79,2020-12-02T08:15Z,Apache-2.0,6.1,CVSS:3.1/AV:N/AC:L/PR:N/UI:R/S:C/C:L/I:L/A:N
ansible,CVE-2013-4260,CWE-264,2013-09-16T19:14Z,GPL-3.0-or-later,,AV:L/AC:M/Au:N/C:N/I:P/A:P
lxml,CVE-2018-19787,CWE-79,2018-12-02T10:29Z,BSD-3-Clause,6.1,CVSS:3.0/AV:N/AC:L/PR:N/UI:R/S:C/C:L/I:L/A:N
aiohttp,CVE-2018-1000814,CWE-613,2018-12-20T15:29Z,Apache-2.0,6.5,CVSS:3.0/AV:N/AC:L/PR:L/UI:N/S:U/C:N/I:H/A:N
python-libnmap,CVE-2019-1010017,CWE-91,2019-07-15T03:15Z,Apache-2.0,7.5,CVSS:3.0/AV:N/AC:L/PR:N/UI:N/S:U/C:N/I:N/A:H
SQLAlchemy,CVE-2019-7164,CWE-89,2019-02-20T00:29Z,MIT,9.8,CVSS:3.0/AV:N/AC:L/PR:N/UI:N/S:U/C:H/I:H/A:H
django-js-reverse,CVE-2019-15486,CWE-79,2019-08-23T13:15Z,MIT,6.1,CVSS:3.0/AV:N/AC:L/PR:N/UI:R/S:C/C:L/I:L/A:N
tensorflow,CVE-2018-7577,CWE-20,2019-04-24T17:29Z,Apache-2.0,8.1,CVSS:3.0/AV:N/AC:L/PR:N/UI:R/S:U/C:H/I:N/A:H
python_glanceclient,CVE-2013-4111,CWE-20,2013-08-28T21:55Z,Apache-2.0,,AV:N/AC:M/Au:N/C:P/I:P/A:N
tablib,CVE-2017-2810,CWE-77,2017-06-14T13:29Z,MIT,9.8,CVSS:3.0/AV:N/AC:L/PR:N/UI:N/S:U/C:H/I:H/A:H
bleach,CVE-2020-6802,CWE-79,2020-03-24T22:15Z,Apache-2.0,6.1,CVSS:3.1/AV:N/AC:L/PR:N/UI:R/S:C/C:L/I:L/A:N
lookatme,CVE-2020-15271,CWE-78,2020-10-26T18:15Z,MIT,9.3,
aiohttp-session,CVE-2018-1000814,CWE-613,2018-12-20T15:29Z,Apache-2.0,6.5,CVSS:3.1/AV:N/AC:L/PR:L/UI:N/S:U/C:N/I:H/A:N
scapy,CVE-2019-1010142,CWE-400,2019-07-19T16:15Z,GPL-2.0-only,7.5,CVSS:3.0/AV:N/AC:L/PR:N/UI:N/S:U/C:N/I:N/A:H
zodb,CVE-2009-2701,NVD-CWE-noinfo,2009-09-08T18:30Z,ZPL-2.1,,AV:N/AC:M/Au:S/C:P/I:P/A:P
pillow,CVE-2016-9189,CWE-190,2016-11-04T10:59Z,HPND,5.5,CVSS:3.0/AV:L/AC:L/PR:N/UI:R/S:U/C:H/I:N/A:N
roundup,CVE-2019-10904,CWE-79,2019-04-06T20:29Z,MIT,6.1,CVSS:3.0/AV:N/AC:L/PR:N/UI:R/S:C/C:L/I:L/A:N
html5lib,CVE-2016-9909,CWE-79,2017-02-22T16:59Z,MIT,6.1,CVSS:3.0/AV:N/AC:L/PR:N/UI:R/S:C/C:L/I:L/A:N
pillow,CVE-2014-9601,CWE-20,2015-01-16T16:59Z,HPND,,AV:N/AC:L/Au:N/C:N/I:N/A:P
tensorflow-cpu,CVE-2020-26270,CWE-20,2020-12-10T23:15Z,Apache-2.0,3.3,
matrix-synapse,CVE-2021-21274,CWE-400,2021-02-26T18:15Z,Apache-2.0,6.5,CVSS:3.1/AV:N/AC:L/PR:N/UI:R/S:U/C:N/I:N/A:H
feedparser,CVE-2011-1158,CWE-79,2011-04-11T18:55Z,Other,,AV:N/AC:M/Au:N/C:N/I:P/A:N
pillow,CVE-2016-0740,CWE-119,2016-04-13T16:59Z,HPND,6.5,CVSS:3.0/AV:N/AC:L/PR:N/UI:R/S:U/C:N/I:H/A:N
pillow,CVE-2020-5311,CWE-120,2020-01-03T01:15Z,HPND,9.8,CVSS:3.1/AV:N/AC:L/PR:N/UI:N/S:U/C:H/I:H/A:H
libpeshnx,,CAPEC-630,2019-09-17T00:00Z,Not Applicable,,
django,CVE-2019-3498,CWE-20,2019-01-09T23:29Z,BSD-3-Clause,6.5,CVSS:3.0/AV:N/AC:L/PR:N/UI:R/S:U/C:N/I:H/A:N
botframework-connector,CVE-2021-1725,CWE-287,2021-03-08T15:50:10Z,MIT,5.5,CVSS:3.1/AV:N/AC:L/PR:L/UI:N/S:U/C:N/I:N/A:H
ansible,CVE-2019-3828,CWE-22,2019-03-27T13:29Z,GPL-3.0-or-later,10.0,CVSS:3.0/AV:N/AC:L/PR:N/UI:N/S:C/C:H/I:H/A:N
pygments,CVE-2021-27291,CWE-400,2021-03-17T13:15Z,BSD-2-Clause,7.5,CVSS:3.1/AV:N/AC:L/PR:N/UI:N/S:U/C:N/I:N/A:H
amundsen-frontend,GHSA-47qg-q58v-7vrp,CWE-275,2020-12-02T18:28:10Z,Apache-2.0,7.1,CVSS:3.1/AV:N/AC:L/PR:L/UI:N/S:U/C:H/I:L/A:N/E:P/RL:O/RC:R
buildbot,CVE-2019-12300,CWE-287,2019-05-23T15:30Z,GPL-2.0-only,9.8,CVSS:3.0/AV:N/AC:L/PR:N/UI:N/S:U/C:H/I:H/A:H
plone.app.dexterity,CVE-2020-28735,CWE-918,2020-12-30T19:15Z,GPL-1.0-only,8.8,CVSS:3.1/AV:N/AC:L/PR:L/UI:N/S:U/C:H/I:H/A:H
nanopb,CVE-2020-26243,CWE-119,2020-11-25T17:15Z,Zlib,7.5,CVSS:3.1/AV:N/AC:L/PR:N/UI:N/S:U/C:N/I:N/A:H
ovirt-engine-sdk,CVE-2012-3533,CWE-310,2012-08-31T20:55Z,Apache-2.0,,AV:N/AC:L/Au:N/C:N/I:P/A:N
python-qpid-proton,CVE-2016-2166,CWE-200,2016-04-12T14:59Z,Apache-2.0,6.5,CVSS:3.0/AV:N/AC:H/PR:N/UI:N/S:U/C:L/I:H/A:N
python-jose,CVE-2016-7036,CWE-361,2017-01-23T21:59Z,MIT,9.8,CVSS:3.0/AV:N/AC:L/PR:N/UI:N/S:U/C:H/I:H/A:H
topydo,CVE-2018-1000523,CWE-20,2018-06-26T16:29Z,GPL-3.0-only,8.1,CVSS:3.0/AV:N/AC:L/PR:N/UI:R/S:U/C:N/I:H/A:H
notebook,CVE-2018-19351,CWE-79,2018-11-18T17:29Z,BSD-3-Clause,6.1,CVSS:3.0/AV:N/AC:L/PR:N/UI:R/S:C/C:L/I:L/A:N
tensorflow-cpu,CVE-2020-26266,CWE-908,2020-12-10T23:15Z,Apache-2.0,5.3,
python-gnupg,CVE-2014-1928,CWE-20,2014-10-25T21:55Z,Other,,AV:L/AC:L/Au:N/C:P/I:P/A:P
novajoin,CVE-2019-10138,CWE-284,2019-07-30T17:15Z,Apache-2.0,8.8,CVSS:3.0/AV:N/AC:L/PR:L/UI:N/S:U/C:H/I:H/A:H
matrix-synapse,CVE-2021-21394,CWE-20,2021-04-12T21:15Z,Apache-2.0,5.3,CVSS:3.1/AV:N/AC:H/PR:L/UI:N/S:U/C:N/I:N/A:H
vyper,GHSA-mr6r-mvw4-736g,CWE-200,2020-03-25T18:20:19Z,MIT,,
ansible,CVE-2016-9587,CWE-20,2018-04-24T16:29Z,GPL-3.0-or-later,8.1,CVSS:3.0/AV:N/AC:H/PR:N/UI:N/S:U/C:H/I:H/A:H
pyxdg,CVE-2019-12761,CWE-91,2019-06-06T19:29Z,LGPL-2.0-only,7.5,CVSS:3.0/AV:N/AC:H/PR:N/UI:R/S:U/C:H/I:H/A:H
django,CVE-2010-4534,CWE-264,2011-01-10T20:00Z,BSD-3-Clause,,AV:N/AC:L/Au:S/C:P/I:N/A:N
apache-superset,CVE-2019-12414,CWE-200,2019-12-16T22:15Z,Apache-2.0,5.3,CVSS:3.1/AV:N/AC:L/PR:N/UI:N/S:U/C:L/I:N/A:N
httplib2,CVE-2020-11078,CWE-93,2020-05-20T16:15Z,MIT,6.8,CVSS:3.1/AV:N/AC:H/PR:N/UI:N/S:C/C:N/I:H/A:N
tensorflow,CVE-2020-26267,CWE-125,2020-12-10T23:15Z,Apache-2.0,7.8,
smplejson,,CAPEC-630,2018-10-12T00:00Z,Not Applicable,,
matrix-sydent,CVE-2021-29431,CWE-20,2021-04-15T21:15Z,Unknown,7.7,CVSS:3.1/AV:N/AC:L/PR:L/UI:N/S:C/C:H/I:N/A:N
tensorflow,CVE-2020-26271,CWE-125,2020-12-10T22:15Z,Apache-2.0,3.3,
zope,CVE-2006-4684,NVD-CWE-Other,2006-09-19T18:07Z,ZPL-2.1,,AV:N/AC:L/Au:N/C:P/I:N/A:N
plone,CVE-2011-4030,CWE-264,2011-10-10T10:55Z,GPL-2.0-only,,AV:N/AC:M/Au:N/C:C/I:C/A:C
pillow,CVE-2021-27923,CWE-400,2021-03-03T09:15Z,HPND,7.5,CVSS:3.1/AV:N/AC:L/PR:N/UI:N/S:U/C:N/I:N/A:H
ansible,CVE-2017-7481,CWE-20,2018-07-19T13:29Z,GPL-3.0-only,9.8,CVSS:3.0/AV:N/AC:L/PR:N/UI:N/S:U/C:H/I:H/A:H
flask-admin,CVE-2018-16516,CWE-79,2018-09-05T14:29Z,BSD-3-Clause,6.1,CVSS:3.0/AV:N/AC:L/PR:N/UI:R/S:C/C:L/I:L/A:N
Flask-Security-Too,CVE-2021-21241,CWE-352,2021-01-11T21:15Z,MIT,7.4,CVSS:3.1/AV:N/AC:L/PR:N/UI:R/S:C/C:H/I:N/A:N
tensorflow,CVE-2019-16778,CWE-787,2019-12-16T21:15Z,Apache-2.0,9.8,CVSS:3.1/AV:N/AC:L/PR:N/UI:N/S:U/C:H/I:H/A:H
oslo.middleware,CVE-2017-2592,CWE-532,2018-05-08T17:29Z,Apache-2.0,5.5,CVSS:3.0/AV:L/AC:L/PR:L/UI:N/S:U/C:H/I:N/A:N
apache-airflow,CVE-2020-11983,CWE-79,2020-07-17T00:15Z,Apache-2.0,5.4,CVSS:3.1/AV:N/AC:L/PR:L/UI:R/S:C/C:L/I:L/A:N
jw.util,CVE-2020-13388,CWE-78,2020-05-22T17:15Z,Apache-2.0,9.8,CVSS:3.1/AV:N/AC:L/PR:N/UI:N/S:U/C:H/I:H/A:H
kdcproxy,CVE-2015-5159,CWE-20,2018-10-30T18:29Z,MIT,7.5,CVSS:3.0/AV:N/AC:L/PR:N/UI:N/S:U/C:N/I:N/A:H
django,CVE-2011-0697,CWE-79,2011-02-14T21:00Z,BSD-3-Clause,,AV:N/AC:M/Au:N/C:N/I:P/A:N
python-engineio,CVE-2019-13611,CWE-352,2019-07-16T00:15Z,MIT,8.8,CVSS:3.0/AV:N/AC:L/PR:N/UI:R/S:U/C:H/I:H/A:H
plone.app.users,CVE-2011-1950,CWE-264,2011-06-06T19:55Z,GPL-2.0-only,,AV:N/AC:L/Au:S/C:N/I:P/A:P
xmpp-http-upload,CVE-2020-15239,CWE-22,2020-10-06T19:15Z,GPL-3.0-or-later,3.5,CVSS:3.1/AV:N/AC:H/PR:L/UI:N/S:C/C:L/I:N/A:N
tensorflow,CVE-2020-15213,CWE-119,2020-09-25T19:15Z,Apache-2.0,4.0,CVSS:3.1/AV:N/AC:H/PR:N/UI:N/S:C/C:N/I:N/A:L
requests,CVE-2014-1829,CWE-200,2014-10-15T14:55Z,Apache-2.0,,AV:N/AC:L/Au:N/C:P/I:N/A:N
waitress,CVE-2019-16785,CWE-444,2019-12-20T23:15Z,ZPL-2.1,7.5,CVSS:3.1/AV:N/AC:L/PR:N/UI:N/S:U/C:N/I:H/A:N
software-properties,CVE-2012-0955,,2020-12-02T01:15Z,MIT,7.4,
moin,CVE-2020-15275,CWE-79,2020-11-11T16:15Z,GPL-2.0-or-later,5.4,CVSS:3.1/AV:N/AC:L/PR:L/UI:R/S:C/C:L/I:L/A:N
keystonemiddleware,CVE-2014-7144,CWE-310,2014-10-02T14:55Z,Apache-2.0,,AV:N/AC:M/Au:N/C:N/I:P/A:N
zope2,CVE-2012-5488,CWE-94,2014-09-30T14:55Z,ZPL-2.1,,AV:N/AC:L/Au:N/C:N/I:N/A:P
twisted,CVE-2014-7143,CWE-295,2019-11-12T14:15Z,MIT,7.5,CVSS:3.1/AV:N/AC:L/PR:N/UI:N/S:U/C:N/I:H/A:N
tensorflow-gpu,CVE-2020-15209,CWE-476,2020-09-25T19:15Z,Apache-2.0,5.9,CVSS:3.1/AV:N/AC:H/PR:N/UI:N/S:U/C:N/I:N/A:H
mayan-edms,CVE-2018-16405,CWE-79,2018-09-03T19:29Z,Apache-2.0,6.1,CVSS:3.0/AV:N/AC:L/PR:N/UI:R/S:C/C:L/I:L/A:N
tensorflow,CVE-2020-15205,CWE-119,2020-09-25T19:15Z,Apache-2.0,9.8,CVSS:3.1/AV:N/AC:L/PR:N/UI:N/S:U/C:H/I:H/A:H
tensorflow-gpu,CVE-2020-15198,CWE-119,2020-09-25T19:15Z,Apache-2.0,5.4,CVSS:3.1/AV:N/AC:H/PR:N/UI:N/S:C/C:L/I:L/A:N
tensorflow,CVE-2020-15194,CWE-20,2020-09-25T19:15Z,Apache-2.0,5.3,CVSS:3.1/AV:N/AC:L/PR:N/UI:N/S:U/C:N/I:N/A:L
red-dashboard,CVE-2020-26249,CWE-79,2020-12-09T00:15Z,MIT,7.7,CVSS:3.1/AV:N/AC:H/PR:L/UI:R/S:C/C:H/I:H/A:N
pyftpdlib,CVE-2009-5010,CWE-362,2010-10-19T20:00Z,MIT,,AV:N/AC:M/Au:N/C:N/I:N/A:P
defusedxml,CVE-2013-1665,CWE-200,2013-04-03T00:55Z,PSF-2.0,,AV:N/AC:L/Au:N/C:P/I:N/A:N
apache-airflow,CVE-2017-17836,CWE-255,2019-01-23T17:29Z,Apache-2.0,9.8,CVSS:3.0/AV:N/AC:L/PR:N/UI:N/S:U/C:H/I:H/A:H
zodb,CVE-2009-0668,CWE-94,2009-08-07T19:30Z,ZPL-2.1,,AV:N/AC:L/Au:S/C:P/I:P/A:P
ecdsa,CVE-2019-14853,CWE-755,2019-11-26T13:15Z,MIT,7.5,CVSS:3.1/AV:N/AC:L/PR:N/UI:N/S:U/C:N/I:N/A:H
urllib3,CVE-2021-28363,CWE-295,2021-03-15T18:15Z,MIT,5.3,CVSS:3.1/AV:N/AC:L/PR:N/UI:N/S:U/C:N/I:L/A:N
keystonemiddleware,CVE-2015-1852,CWE-17,2015-04-17T17:59Z,Apache-2.0,,AV:N/AC:M/Au:N/C:N/I:P/A:N
crypt,,CAPEC-630,2017-09-09T22:00Z,Not Applicable,,
omero-web,CVE-2021-21376,CWE-200,2021-03-23T16:15Z,GPL-2.0-or-later,6.4,
plone.app.theming,CVE-2020-28735,CWE-918,2020-12-30T19:15Z,GPL-1.0-only,8.8,CVSS:3.1/AV:N/AC:L/PR:L/UI:N/S:U/C:H/I:H/A:H
autobahn,CVE-2020-35678,CWE-601,2020-12-27T00:15Z,MIT,6.1,CVSS:3.1/AV:N/AC:L/PR:N/UI:R/S:C/C:L/I:L/A:N
tensorflow-gpu,CVE-2020-26267,CWE-125,2020-12-10T23:15Z,Apache-2.0,7.8,
pyro,CVE-2011-2765,CWE-59,2018-08-20T13:29Z,MIT,7.5,CVSS:3.0/AV:N/AC:L/PR:N/UI:N/S:U/C:N/I:H/A:N
cryptoauthlib,GHSA-f366-4rvv-95x2,CWE-400,2020-10-02T16:33:19Z,Other,,
zope2,CVE-2011-3587,NVD-CWE-noinfo,2011-10-10T10:55Z,ZPL-2.1,,AV:N/AC:M/Au:N/C:C/I:C/A:C
ansible,CVE-2020-1746,CWE-200,2020-05-12T18:15Z,GPL-3.0-or-later,5.0,CVSS:3.1/AV:L/AC:L/PR:L/UI:R/S:U/C:H/I:N/A:N
zope,CVE-2006-3458,NVD-CWE-Other,2006-07-07T23:05Z,ZPL-2.1,,AV:L/AC:L/Au:N/C:P/I:N/A:N
ansible,CVE-2018-16876,CWE-200,2019-01-03T15:29Z,GPL-3.0-or-later,7.5,CVSS:3.0/AV:N/AC:L/PR:N/UI:N/S:U/C:H/I:N/A:N
matrix-synapse,CVE-2021-21273,CWE-601,2021-02-26T18:15Z,Apache-2.0,6.1,CVSS:3.1/AV:N/AC:L/PR:N/UI:R/S:C/C:L/I:L/A:N
notebook,CVE-2020-26215,CWE-601,2020-11-18T22:15Z,BSD-3-Clause,6.1,CVSS:3.1/AV:N/AC:L/PR:N/UI:R/S:C/C:L/I:L/A:N
tensorflow-gpu,CVE-2020-26271,CWE-125,2020-12-10T22:15Z,Apache-2.0,3.3,
pip,CVE-2013-5123,CWE-300,2019-11-05T00:00Z,MIT,5.9,CVSS:3.1/AV:N/AC:H/PR:N/UI:N/S:U/C:N/I:H/A:N
jinja2,CVE-2016-10745,CWE-234,2019-04-08T13:29Z,BSD-3-Clause,8.6,CVSS:3.0/AV:N/AC:L/PR:N/UI:N/S:C/C:H/I:N/A:N
SQLAlchemy,CVE-2019-7548,CWE-89,2019-02-06T21:29Z,MIT,7.8,CVSS:3.0/AV:L/AC:L/PR:N/UI:R/S:U/C:H/I:H/A:H
pillow,CVE-2021-25292,NVD-CWE-Other,2021-03-19T04:15Z,HPND,6.5,CVSS:3.1/AV:N/AC:L/PR:N/UI:R/S:U/C:N/I:N/A:H
pillow,CVE-2020-10177,CWE-125,2020-06-25T19:15Z,HPND,5.5,CVSS:3.1/AV:L/AC:L/PR:N/UI:R/S:U/C:H/I:N/A:N
plone,CVE-2012-5506,CWE-399,2014-09-30T14:55Z,GPL-2.0-only,,AV:N/AC:L/Au:N/C:N/I:N/A:P
zope,CVE-2005-3323,NVD-CWE-Other,2005-10-27T10:02Z,ZPL-2.1,,AV:N/AC:L/Au:N/C:P/I:P/A:P
pykerberos,CVE-2015-3206,CWE-287,2017-08-25T18:29Z,Apache-2.0,8.1,CVSS:3.0/AV:N/AC:H/PR:N/UI:N/S:U/C:H/I:H/A:H
mailman,CVE-2010-3089,CWE-79,2010-09-15T20:00Z,GPL-3.0-only,,AV:N/AC:M/Au:S/C:N/I:P/A:N
django,CVE-2015-0221,CWE-399,2015-01-16T16:59Z,BSD-3-Clause,,AV:N/AC:L/Au:N/C:N/I:N/A:P
tensorflow-gpu,CVE-2019-16778,CWE-787,2019-12-16T21:15Z,Apache-2.0,9.8,CVSS:3.1/AV:N/AC:L/PR:N/UI:N/S:U/C:H/I:H/A:H
gunicorn,CVE-2018-1000164,CWE-93,2018-04-18T19:29Z,MIT,7.5,CVSS:3.0/AV:N/AC:L/PR:N/UI:N/S:U/C:N/I:H/A:N
waitress,CVE-2019-16789,CWE-444,2019-12-26T17:15Z,ZPL-2.1,8.2,CVSS:3.1/AV:N/AC:L/PR:N/UI:N/S:U/C:L/I:H/A:N
werkzeug,CVE-2020-28724,CWE-601,2020-11-18T15:15Z,BSD-3-Clause,6.1,CVSS:3.1/AV:N/AC:L/PR:N/UI:R/S:C/C:L/I:L/A:N
markdown2,CVE-2018-5773,CWE-79,2018-01-18T21:29Z,MIT,6.1,CVSS:3.0/AV:N/AC:L/PR:N/UI:R/S:C/C:L/I:L/A:N
python-keystoneclient,CVE-2013-2104,CWE-264,2014-01-21T18:55Z,Apache-2.0,,AV:N/AC:L/Au:S/C:N/I:P/A:P
indy-node,CVE-2020-11090,CWE-400,2020-06-11T00:15Z,Apache-2.0,7.5,CVSS:3.1/AV:N/AC:L/PR:N/UI:N/S:U/C:N/I:N/A:H
pillow,CVE-2020-35653,CWE-125,2021-01-12T09:15Z,HPND,8.1,CVSS:3.1/AV:N/AC:L/PR:N/UI:R/S:U/C:H/I:N/A:H
oauth2,CVE-2013-4347,CWE-310,2014-05-20T14:55Z,MIT,,AV:N/AC:M/Au:N/C:P/I:P/A:N
tensorflow,CVE-2020-15209,CWE-476,2020-09-25T19:15Z,Apache-2.0,5.9,CVSS:3.1/AV:N/AC:H/PR:N/UI:N/S:U/C:N/I:N/A:H
sickrage,CVE-2021-25926,CWE-79,2021-04-12T14:15Z,GPL-3.0-only,6.1,CVSS:3.1/AV:N/AC:L/PR:N/UI:R/S:C/C:L/I:L/A:N
tensorflow-cpu,CVE-2020-15192,CWE-20,2020-09-25T19:15Z,Apache-2.0,4.3,CVSS:3.1/AV:N/AC:L/PR:L/UI:N/S:U/C:N/I:N/A:L
twisted,CVE-2019-12387,CWE-20,2019-06-10T12:29Z,MIT,6.1,CVSS:3.0/AV:N/AC:L/PR:N/UI:R/S:C/C:L/I:L/A:N
tensorflow-gpu,CVE-2020-15205,CWE-119,2020-09-25T19:15Z,Apache-2.0,9.8,CVSS:3.1/AV:N/AC:L/PR:N/UI:N/S:U/C:H/I:H/A:H
Zope2,CVE-2011-2528,CWE-265,2011-07-19T20:55Z,ZPL-2.1,,AV:N/AC:L/Au:N/C:P/I:P/A:P
feedparser,CVE-2009-5065,CWE-79,2011-04-11T18:55Z,Other,,AV:N/AC:M/Au:N/C:N/I:P/A:N
easybuild-framework,CVE-2020-5262,CWE-922,2020-03-19T17:15Z,GPL-2.0-only,5.5,CVSS:3.1/AV:L/AC:L/PR:L/UI:N/S:U/C:H/I:N/A:N
py-terminal-banner,,CAPEC-630,20121-02-05T12:00Z,MIT,,
tensorflow,CVE-2020-15198,CWE-119,2020-09-25T19:15Z,Apache-2.0,5.4,CVSS:3.1/AV:N/AC:H/PR:N/UI:N/S:C/C:L/I:L/A:N
tensorflow-gpu,CVE-2020-15194,CWE-20,2020-09-25T19:15Z,Apache-2.0,5.3,CVSS:3.1/AV:N/AC:L/PR:N/UI:N/S:U/C:N/I:N/A:L
tensorflow-cpu,CVE-2020-15203,CWE-20,2020-09-25T19:15Z,Apache-2.0,7.5,CVSS:3.1/AV:N/AC:L/PR:N/UI:N/S:U/C:N/I:N/A:H
petl,GHSA-f5gc-p5m3-v347,,2020-12-02T18:28:30Z,MIT,,
apidev-coop,,CAPEC-630,2017-09-09T22:00Z,Not Applicable,,
tensorflow,CVE-2020-15199,CWE-20,2020-09-25T19:15Z,Apache-2.0,5.9,CVSS:3.1/AV:N/AC:H/PR:N/UI:N/S:U/C:N/I:N/A:H
tensorflow-gpu,CVE-2020-15195,CWE-119,2020-09-25T19:15Z,Apache-2.0,8.8,CVSS:3.1/AV:N/AC:L/PR:L/UI:N/S:U/C:H/I:H/A:H
backports.ssl_match_hostname,CVE-2013-2099,CWE-399,2013-10-09T14:53Z,PSF-2.0,,AV:N/AC:M/Au:N/C:N/I:N/A:P
tensorflow-cpu,CVE-2020-15202,CWE-754,2020-09-25T19:15Z,Apache-2.0,9.0,CVSS:3.1/AV:N/AC:H/PR:N/UI:N/S:C/C:H/I:H/A:H
pycsw,CVE-2016-8640,CWE-89,2018-08-01T18:29Z,MIT,9.1,CVSS:3.0/AV:N/AC:L/PR:N/UI:N/S:U/C:H/I:H/A:N
Plone,CVE-2017-5524,CWE-134,2017-03-23T16:59Z,GPL-2.0-only,4.3,CVSS:3.0/AV:N/AC:L/PR:L/UI:N/S:U/C:L/I:N/A:N
ironic-inspector,CVE-2015-5306,CWE-254,2015-11-25T20:59Z,Apache-2.0,,AV:N/AC:M/Au:N/C:P/I:P/A:P
pip,CVE-2019-20916,CWE-22,2020-09-04T20:15Z,MIT,7.5,CVSS:3.1/AV:N/AC:L/PR:N/UI:N/S:U/C:N/I:H/A:N
oauth2,CVE-2013-4346,CWE-310,2014-05-20T14:55Z,MIT,,AV:N/AC:M/Au:N/C:N/I:P/A:N
tensorflow,CVE-2020-15208,CWE-787,2020-09-25T19:15Z,Apache-2.0,9.8,CVSS:3.1/AV:N/AC:L/PR:N/UI:N/S:U/C:H/I:H/A:H
tensorflow-cpu,CVE-2020-15193,CWE-908,2020-09-25T19:15Z,Apache-2.0,7.1,CVSS:3.1/AV:N/AC:L/PR:L/UI:N/S:U/C:N/I:H/A:L
tensorflow-gpu,CVE-2020-15204,CWE-476,2020-09-25T19:15Z,Apache-2.0,5.3,CVSS:3.1/AV:N/AC:L/PR:N/UI:N/S:U/C:N/I:N/A:L
invenio-app,CVE-2019-1020006,CWE-74,2019-07-29T15:15Z,MIT,6.1,CVSS:3.0/AV:N/AC:L/PR:N/UI:R/S:C/C:L/I:L/A:N
ipython,CVE-2015-6938,CWE-79,2015-09-21T19:59Z,BSD-3-Clause,,AV:N/AC:M/Au:N/C:N/I:P/A:N
Red-DiscordBot,CVE-2020-15140,CWE-74,2020-08-21T17:15Z,GPL-3.0-only,9.6,CVSS:3.1/AV:N/AC:L/PR:L/UI:N/S:C/C:H/I:H/A:N
ansible,CVE-2015-6240,CWE-59,2017-06-07T20:29Z,GPL-3.0-or-later,7.8,CVSS:3.0/AV:L/AC:L/PR:L/UI:N/S:U/C:H/I:H/A:H
sopel_plugins.channelmgnt,CVE-2020-15251,CWE-863,2020-10-13T18:15Z,EFL-2.0,6.5,CVSS:3.1/AV:N/AC:L/PR:L/UI:N/S:U/C:N/I:H/A:N
tornado,CVE-2020-28476,CWE-444,2021-01-18T12:15Z,Apache-2.0,6.8,CVSS:3.1/AV:N/AC:H/PR:N/UI:R/S:U/C:N/I:H/A:H
django,CVE-2015-0220,CWE-79,2015-01-16T16:59Z,BSD-3-Clause,,AV:N/AC:M/Au:N/C:N/I:P/A:N
mysql-connector-python,CVE-2017-3590,CWE-284,2017-04-24T19:59Z,GPL-2.0-only,3.3,CVSS:3.0/AV:L/AC:L/PR:L/UI:N/S:U/C:N/I:L/A:N
pyanyapi,CVE-2017-16616,CWE-77,2017-11-08T03:29Z,MIT,9.8,CVSS:3.0/AV:N/AC:L/PR:N/UI:N/S:U/C:H/I:H/A:H
Plone,CVE-2012-5507,CWE-362,2014-09-30T14:55Z,GPL-2.0-only,,AV:N/AC:M/Au:N/C:P/I:N/A:N
requests,CVE-2015-2296,NVD-CWE-Other,2015-03-18T16:59Z,Apache-2.0,,AV:N/AC:M/Au:N/C:P/I:P/A:P
Products.GenericSetup,CVE-2021-21360,CWE-200,2021-03-09T01:15Z,ZPL-2.1,5.3,CVSS:3.1/AV:N/AC:L/PR:N/UI:N/S:U/C:L/I:N/A:N
pillow,CVE-2021-25293,CWE-125,2021-03-19T04:15Z,HPND,7.5,CVSS:3.1/AV:N/AC:L/PR:N/UI:N/S:U/C:N/I:N/A:H
protobuf,CVE-2015-5237,CWE-119,2017-09-25T17:29Z,BSD-3-Clause,8.8,CVSS:3.0/AV:N/AC:L/PR:L/UI:N/S:U/C:H/I:H/A:H
openapi-python-client,CVE-2020-15141,CWE-22,2020-08-14T17:15Z,MIT,4.1,CVSS:3.1/AV:N/AC:L/PR:L/UI:R/S:C/C:N/I:L/A:N
djangorestframework,CVE-2020-25626,CWE-79,2020-09-30T20:15Z,BSD-3-Clause,6.1,CVSS:3.1/AV:N/AC:L/PR:N/UI:R/S:C/C:L/I:L/A:N
Plone,CVE-2011-1950,CWE-264,2011-06-06T19:55Z,GPL-2.0-only,,AV:N/AC:L/Au:S/C:N/I:P/A:P
tensorflow-gpu,CVE-2020-26270,CWE-20,2020-12-10T23:15Z,Apache-2.0,3.3,
pillow,CVE-2019-16865,CWE-770,2019-10-04T22:15Z,HPND,7.5,CVSS:3.1/AV:N/AC:L/PR:N/UI:N/S:U/C:N/I:N/A:H
django-cms,CVE-2015-5081,CWE-352,2017-08-18T18:29Z,BSD-3-Clause,8.8,CVSS:3.0/AV:N/AC:L/PR:N/UI:R/S:U/C:H/I:H/A:H
django-markupfield,CVE-2015-0846,CWE-200,2015-04-24T14:59Z,BSD-2-Clause,,AV:N/AC:L/Au:N/C:P/I:N/A:N
django,CVE-2013-6044,CWE-79,2013-10-04T17:55Z,BSD-3-Clause,,AV:N/AC:M/Au:N/C:N/I:P/A:N
tensorflow-gpu,CVE-2020-26266,CWE-908,2020-12-10T23:15Z,Apache-2.0,5.3,
omero-web,CVE-2021-21377,CWE-601,2021-03-23T16:15Z,GPL-2.0-or-later,4.8,
mercurial,CVE-2017-9462,CWE-732,2017-06-06T21:29Z,GPL-2.0-or-later,8.8,CVSS:3.1/AV:N/AC:L/PR:L/UI:N/S:U/C:H/I:H/A:H
mistune,CVE-2017-16876,CWE-79,2017-12-29T15:29Z,BSD-3-Clause,6.1,CVSS:3.0/AV:N/AC:L/PR:N/UI:R/S:C/C:L/I:L/A:N
plone.app.theming,CVE-2020-28734,CWE-611,2020-12-30T19:15Z,GPL-1.0-only,8.8,CVSS:3.1/AV:N/AC:L/PR:L/UI:N/S:U/C:H/I:H/A:H
bleach,GHSA-vv2x-vrpj-qqpq,CWE-79,2021-02-02T17:58:40Z,Apache-2.0,,
tensorflow,CVE-2020-5215,CWE-20,2020-01-28T22:15Z,Apache-2.0,7.5,CVSS:3.1/AV:N/AC:L/PR:N/UI:N/S:U/C:N/I:N/A:H
five.pt,CVE-2016-4043,CWE-264,2017-02-24T20:59Z,ZPL-2.1,4.9,CVSS:3.0/AV:N/AC:L/PR:H/UI:N/S:U/C:N/I:H/A:N
python-keystoneclient,CVE-2014-0105,CWE-255,2014-04-15T14:55Z,Apache-2.0,,AV:N/AC:M/Au:S/C:P/I:P/A:P
mitmproxy,CVE-2018-14505,CWE-20,2018-07-22T18:29Z,MIT,8.8,CVSS:3.0/AV:N/AC:L/PR:N/UI:R/S:U/C:H/I:H/A:H
tlslite-ng,CVE-2020-26263,CWE-326,2020-12-21T17:15Z,LGPL-2.0-only,7.5,
zodb,CVE-2009-0669,CWE-287,2009-08-07T19:30Z,ZPL-2.1,,AV:N/AC:L/Au:N/C:P/I:P/A:P
apache-airflow,CVE-2020-17513,CWE-918,2020-12-14T10:15Z,Apache-2.0,5.3,CVSS:3.1/AV:N/AC:L/PR:N/UI:N/S:U/C:N/I:L/A:N
wagtail,CVE-2021-29434,CWE-79,2021-04-19T19:15Z,BSD-3-Clause,6.1,CVSS:3.1/AV:N/AC:L/PR:H/UI:R/S:U/C:H/I:H/A:N
pillow,CVE-2014-3007,CWE-78,2014-04-27T20:55Z,HPND,,AV:N/AC:L/Au:N/C:C/I:C/A:C
tensorflow-gpu,CVE-2020-15199,CWE-20,2020-09-25T19:15Z,Apache-2.0,5.9,CVSS:3.1/AV:N/AC:H/PR:N/UI:N/S:U/C:N/I:N/A:H
tensorflow,CVE-2020-15195,CWE-119,2020-09-25T19:15Z,Apache-2.0,8.8,CVSS:3.1/AV:N/AC:L/PR:L/UI:N/S:U/C:H/I:H/A:H
Zope2,CVE-2012-5489,CWE-264,2014-09-30T14:55Z,ZPL-2.1,,AV:N/AC:L/Au:S/C:P/I:P/A:P
wagtail,CVE-2020-15118,CWE-79,2020-07-20T18:15Z,BSD-3-Clause,5.4,CVSS:3.1/AV:N/AC:L/PR:L/UI:R/S:C/C:L/I:L/A:N
ansible,CVE-2019-10206,CWE-20,2019-11-22T13:15Z,GPL-3.0-or-later,6.5,CVSS:3.1/AV:N/AC:L/PR:L/UI:N/S:U/C:H/I:N/A:N
tensorflow-gpu,CVE-2020-15208,CWE-787,2020-09-25T19:15Z,Apache-2.0,9.8,CVSS:3.1/AV:N/AC:L/PR:N/UI:N/S:U/C:H/I:H/A:H
tensorflow,CVE-2018-21233,CWE-125,2020-05-04T15:15Z,Apache-2.0,6.5,CVSS:3.1/AV:N/AC:L/PR:N/UI:R/S:U/C:H/I:N/A:N
tensorflow,CVE-2020-15204,CWE-476,2020-09-25T19:15Z,Apache-2.0,5.3,CVSS:3.1/AV:N/AC:L/PR:N/UI:N/S:U/C:N/I:N/A:L
pykmip,CVE-2018-1000872,CWE-400,2018-12-20T17:29Z,Apache-2.0,6.5,CVSS:3.0/AV:N/AC:L/PR:N/UI:R/S:U/C:N/I:N/A:H
tensorflow,CVE-2020-15212,CWE-787,2020-09-25T19:15Z,Apache-2.0,8.6,CVSS:3.1/AV:N/AC:L/PR:N/UI:N/S:U/C:L/I:L/A:H
django,CVE-2019-19844,CWE-640,2019-12-18T19:15Z,BSD-3-Clause,9.8,CVSS:3.1/AV:N/AC:L/PR:N/UI:N/S:U/C:H/I:H/A:H
clearsilver,CVE-2011-4357,CWE-134,2011-12-10T17:55Z,Apache-2.0,,AV:N/AC:L/Au:N/C:P/I:P/A:P
django,CVE-2011-0696,CWE-352,2011-02-14T21:00Z,BSD-3-Clause,,AV:N/AC:M/Au:N/C:P/I:P/A:P
salt,CVE-2015-6941,CWE-534,2017-08-09T16:29Z,Apache-2.0,9.8,CVSS:3.0/AV:N/AC:L/PR:N/UI:N/S:U/C:H/I:H/A:H
apache-airflow,CVE-2020-11982,CWE-502,2020-07-17T00:15Z,Apache-2.0,9.8,CVSS:3.1/AV:N/AC:L/PR:N/UI:N/S:U/C:H/I:H/A:H
unoconv,CVE-2019-17400,CWE-918,2019-10-21T23:15Z,GPL-2.0-only,7.5,CVSS:3.1/AV:N/AC:L/PR:N/UI:N/S:U/C:H/I:N/A:N
ipycache,CVE-2019-7539,CWE-94,2019-03-21T21:29Z,BSD-3-Clause,8.8,CVSS:3.0/AV:N/AC:L/PR:N/UI:R/S:U/C:H/I:H/A:H
google-appengine,CVE-2011-4211,CWE-264,2011-10-30T19:55Z,Apache-2.0,,AV:L/AC:L/Au:N/C:C/I:C/A:C
apache-airflow,CVE-2019-12417,CWE-79,2019-10-30T22:15Z,Apache-2.0,4.8,CVSS:3.1/AV:N/AC:L/PR:H/UI:R/S:C/C:L/I:L/A:N
tryton,CVE-2019-10868,CWE-862,2019-04-05T01:29Z,GPL-3.0-only,6.5,CVSS:3.1/AV:N/AC:L/PR:L/UI:N/S:U/C:H/I:N/A:N
pillow,CVE-2021-27922,CWE-400,2021-03-03T09:15Z,HPND,7.5,CVSS:3.1/AV:N/AC:L/PR:N/UI:N/S:U/C:N/I:N/A:H
py,CVE-2020-29651,NVD-CWE-Other,2020-12-09T07:15Z,MIT,7.5,CVSS:3.1/AV:N/AC:L/PR:N/UI:N/S:U/C:N/I:N/A:H
django-filters,GHSA-x7gm-rfgv-w973,CWE-400,2020-09-28T19:05:29Z,BSD-3-Clause,6.0,CVSS:3.1/AV:N/AC:L/PR:L/UI:N/S:U/C:N/I:N/A:H
diango,,CAPEC-630,2018-10-12T00:00Z,Not Applicable,,
tensorflow,CVE-2020-26270,CWE-20,2020-12-10T23:15Z,Apache-2.0,3.3,
Products.PlonePAS,CVE-2009-0662,CWE-287,2009-04-23T17:30Z,ZPL-2.1,,AV:N/AC:M/Au:S/C:P/I:P/A:P
Zope2,CVE-2012-6661,CWE-310,2014-11-03T22:55Z,ZPL-2.1,,AV:N/AC:L/Au:N/C:P/I:N/A:N
django,CVE-2019-13177,CWE-347,2019-07-02T22:15Z,BSD-3-Clause,9.8,CVSS:3.0/AV:N/AC:L/PR:N/UI:N/S:U/C:H/I:H/A:H
pyarrow,CVE-2019-12410,CWE-909,2019-11-08T19:15Z,Apache-2.0,7.5,CVSS:3.1/AV:N/AC:L/PR:N/UI:N/S:U/C:N/I:N/A:H
python-cjson,CVE-2009-4924,CWE-79,2010-07-02T19:30Z,LGPL-2.1-or-later,,AV:N/AC:M/Au:N/C:N/I:P/A:N
django,CVE-2010-4535,CWE-20,2011-01-10T20:00Z,BSD-3-Clause,,AV:N/AC:L/Au:N/C:N/I:N/A:P
tensorflow,CVE-2020-26266,CWE-908,2020-12-10T23:15Z,Apache-2.0,5.3,
matrix-sydent,CVE-2021-29430,CWE-20,2021-04-15T21:15Z,Unknown,7.5,CVSS:3.1/AV:N/AC:L/PR:N/UI:N/S:U/C:N/I:N/A:H
rediswrapper,CVE-2019-17206,CWE-502,2019-10-05T23:15Z,MIT,9.8,CVSS:3.1/AV:N/AC:L/PR:N/UI:N/S:U/C:H/I:H/A:H
pillow,CVE-2021-25289,CWE-787,2021-03-19T04:15Z,HPND,8.8,CVSS:3.1/AV:N/AC:L/PR:N/UI:R/S:U/C:H/I:H/A:H
tensorflow-gpu,CVE-2020-5215,CWE-20,2020-01-28T22:15Z,Apache-2.0,7.5,CVSS:3.1/AV:N/AC:L/PR:N/UI:N/S:U/C:N/I:N/A:H
proxy.py,CVE-2021-3116,CWE-287,2021-01-11T05:15Z,BSD-3-Clause,7.5,CVSS:3.1/AV:N/AC:L/PR:N/UI:N/S:U/C:N/I:H/A:N
Pygments,CVE-2021-20270,CWE-835,2021-03-23T17:15Z,BSD-2-Clause,7.5,CVSS:3.1/AV:N/AC:L/PR:N/UI:N/S:U/C:N/I:N/A:H
